"city","burrito_count","taco_count","burrito_to_taco_ratio"
Mason,20,1,20.0
Clinton,25,2,12.5
Camden,12,1,12.0
Nottingham,12,1,12.0
Fulton,11,1,11.0
Searcy,11,1,11.0
Severna Park,10,1,10.0
Runnemede,10,1,10.0
Winfield,10,1,10.0
Newburyport,10,1,10.0
Monticello,9,1,9.0
Mattoon,9,1,9.0
Orchard Park,9,1,9.0
Princeton,16,2,8.0
Radcliff,8,1,8.0
Seminole,8,1,8.0
Stephenville,8,1,8.0
Los Alamos,8,1,8.0
Lapeer,8,1,8.0
Clarksville,16,2,8.0
Bowling Green,8,1,8.0
Chicopee,7,1,7.0
Cordova,7,1,7.0
Fort Oglethorpe,7,1,7.0
Elkins,7,1,7.0
Estes Park,7,1,7.0
Leavenworth,7,1,7.0
Gramercy,7,1,7.0
Grand Island,7,1,7.0
Hamilton,21,3,7.0
Waynesboro,7,1,7.0
West Lafayette,7,1,7.0
Westerville,7,1,7.0
Rapid City,14,2,7.0
Salina,7,1,7.0
Sand Springs,7,1,7.0
Paris,7,1,7.0
Willow Grove,7,1,7.0
Madisonville,20,3,6.666666666666667
Fayetteville,13,2,6.5
Hyannis,19,3,6.333333333333333
Winston Salem,19,3,6.333333333333333
Wilsonville,6,1,6.0
White Lake,6,1,6.0
Yucca Valley,6,1,6.0
Westville,6,1,6.0
Weaverville,12,2,6.0
Warrensburg,6,1,6.0
Vinton,6,1,6.0
Starkville,6,1,6.0
Grain Valley,6,1,6.0
Lithia,6,1,6.0
Morganton,6,1,6.0
Neosho,6,1,6.0
El Dorado,6,1,6.0
Collinsville,6,1,6.0
Cleburne,6,1,6.0
Douglas,6,1,6.0
Alamogordo,6,1,6.0
Conover,11,2,5.5
Oak Lawn,11,2,5.5
Menasha,11,2,5.5
Johnston,11,2,5.5
Laughlin,5,1,5.0
Melrose Park,5,1,5.0
Natick,5,1,5.0
New Hope,5,1,5.0
Baytown,15,3,5.0
Canby,5,1,5.0
Park Ridge,10,2,5.0
Oneida,5,1,5.0
Peru,5,1,5.0
Conway,14,3,4.666666666666667
Lees Summit,14,3,4.666666666666667
Hilliard,27,6,4.5
Geneva,9,2,4.5
Arroyo Grande,9,2,4.5
Seymour,9,2,4.5
Jasper,13,3,4.333333333333333
Lewisburg,4,1,4.0
Marion,12,3,4.0
Ardsley,4,1,4.0
Anniston,8,2,4.0
Basking Ridge,4,1,4.0
Chalfont,4,1,4.0
Easthampton,4,1,4.0
Cordele,8,2,4.0
Clayton,8,2,4.0
Chillicothe,4,1,4.0
Trenton,12,3,4.0
Perry,4,1,4.0
Paducah,8,2,4.0
San Lorenzo,4,1,4.0
Ashland,23,6,3.8333333333333335
Sonora,15,4,3.75
Spartanburg,11,3,3.6666666666666665
Rockville Centre,11,3,3.6666666666666665
Avon,22,6,3.6666666666666665
Brevard,7,2,3.5
Kutztown,7,2,3.5
Greer,7,2,3.5
Pigeon Forge,7,2,3.5
West Point,7,2,3.5
Mansfield,24,7,3.4285714285714284
Asheville,41,12,3.4166666666666665
Ashburn,17,5,3.4
Eden Prairie,10,3,3.3333333333333335
Ft Mitchell,20,6,3.3333333333333335
Greeley,10,3,3.3333333333333335
Conshohocken,13,4,3.25
Los Gatos,28,9,3.111111111111111
Livingston,6,2,3.0
Martinsburg,3,1,3.0
Marshall,3,1,3.0
Newton,12,4,3.0
Novi,3,1,3.0
Northbrook,3,1,3.0
Milan,6,2,3.0
Mission Hills,3,1,3.0
Hallandale,3,1,3.0
Hillsborough,3,1,3.0
Holbrook,3,1,3.0
Harrison,18,6,3.0
Lake Orion,3,1,3.0
Kennewick,3,1,3.0
Corrales,18,6,3.0
Delano,6,2,3.0
District Heights,9,3,3.0
Gatlinburg,3,1,3.0
Freeport,15,5,3.0
Edinburg,3,1,3.0
East Moline,3,1,3.0
East Stroudsburg,3,1,3.0
Belmar,3,1,3.0
Berlin,3,1,3.0
Bernalillo,6,2,3.0
Bryant,3,1,3.0
Cadillac,3,1,3.0
Carrboro,3,1,3.0
Wasco,3,1,3.0
Waipahu,3,1,3.0
Stanford,6,2,3.0
Summerville,3,1,3.0
Tahoe City,3,1,3.0
Pasco,6,2,3.0
Orleans,3,1,3.0
Richgrove,3,1,3.0
Riverview,3,1,3.0
Prospect Heights,3,1,3.0
Saraland,3,1,3.0
Saint Peters,6,2,3.0
Woodville,6,2,3.0
Yelm,3,1,3.0
Yorkville,3,1,3.0
Onalaska,11,4,2.75
Wantagh,11,4,2.75
Lake City,11,4,2.75
Green River,11,4,2.75
Norman,11,4,2.75
Liberal,8,3,2.6666666666666665
Los Lunas,8,3,2.6666666666666665
Camdenton,8,3,2.6666666666666665
Belton,8,3,2.6666666666666665
Bellmore,8,3,2.6666666666666665
Fredericksburg,8,3,2.6666666666666665
Ocean Springs,8,3,2.6666666666666665
Lawrenceburg,21,8,2.625
Cincinnati,86,33,2.606060606060606
Saint Joseph,23,9,2.5555555555555554
Saco,5,2,2.5
San Ysidro,5,2,2.5
Ocean City,5,2,2.5
Waterville,5,2,2.5
Valdosta,5,2,2.5
Stateline,10,4,2.5
Sierra Madre,5,2,2.5
Forrest City,5,2,2.5
East Weymouth,5,2,2.5
Bountiful,5,2,2.5
Grass Valley,5,2,2.5
Grand Blanc,10,4,2.5
Liberty,5,2,2.5
North Andover,5,2,2.5
Mira Loma,5,2,2.5
Kingston,12,5,2.4
Duncan,12,5,2.4
Lake Charles,33,14,2.357142857142857
Hammonton,7,3,2.3333333333333335
Nantucket,7,3,2.3333333333333335
Dickson,7,3,2.3333333333333335
Bridgeport,21,9,2.3333333333333335
Cape May,7,3,2.3333333333333335
Belmont,7,3,2.3333333333333335
Sun Prairie,7,3,2.3333333333333335
Savage,7,3,2.3333333333333335
Turlock,16,7,2.2857142857142856
Union,9,4,2.25
Waverly,9,4,2.25
Sunset Beach,9,4,2.25
Temple,18,8,2.25
South Bend,9,4,2.25
Scranton,9,4,2.25
Savannah,27,12,2.25
Pueblo,27,12,2.25
Rock Hill,9,4,2.25
Centerville,9,4,2.25
Loves Park,9,4,2.25
Granby,18,8,2.25
Gretna,9,4,2.25
Cookeville,20,9,2.2222222222222223
Ridgewood,20,9,2.2222222222222223
San Fernando,20,9,2.2222222222222223
Oxford,33,15,2.2
Grove City,13,6,2.1666666666666665
Piedmont,15,7,2.142857142857143
Tracy,36,17,2.1176470588235294
Russellville,19,9,2.111111111111111
Reseda,19,9,2.111111111111111
Lawndale,19,9,2.111111111111111
Lodi,19,9,2.111111111111111
Maryville,19,9,2.111111111111111
Huntington,23,11,2.090909090909091
Clearfield,25,12,2.0833333333333335
Stamford,33,16,2.0625
Stevens Point,4,2,2.0
Storrs Mansfield,2,1,2.0
Terrell,4,2,2.0
Teterboro,2,1,2.0
Teaneck,2,1,2.0
Seaside,10,5,2.0
Sheboygan,2,1,2.0
Show Low,18,9,2.0
Silvis,6,3,2.0
Solvang,2,1,2.0
Tomah,2,1,2.0
Torrington,4,2,2.0
Valley Springs,2,1,2.0
Van Buren,16,8,2.0
Vidalia,2,1,2.0
Versailles,2,1,2.0
Warsaw,2,1,2.0
West Hills,10,5,2.0
Purcellville,2,1,2.0
Queensbury,2,1,2.0
Rancho Cordova,2,1,2.0
Ridgeland,4,2,2.0
Ridgecrest,2,1,2.0
Rocky Hill,2,1,2.0
Rocky River,4,2,2.0
Rogers,2,1,2.0
Roslindale,2,1,2.0
Rumford,2,1,2.0
Rowland Heights,2,1,2.0
Royersford,2,1,2.0
Saint Ignace,4,2,2.0
Santa Ana Pueblo,2,1,2.0
Peekskill,2,1,2.0
Penfield,2,1,2.0
Point Reyes Station,2,1,2.0
Poplar Bluff,8,4,2.0
Port Saint Lucie,2,1,2.0
Pacoima,4,2,2.0
Palm Coast,4,2,2.0
Paola,2,1,2.0
Opelika,2,1,2.0
Wildomar,2,1,2.0
College Point,4,2,2.0
Coraopolis,2,1,2.0
Cotati,2,1,2.0
Cottonwood,2,1,2.0
Coventry,2,1,2.0
Cranberry Twp,6,3,2.0
Derby,6,3,2.0
Derry,2,1,2.0
Draper,14,7,2.0
Craig,2,1,2.0
Cudahy,4,2,2.0
Edmonds,2,1,2.0
Eustis,2,1,2.0
Fairmont,4,2,2.0
Elk City,2,1,2.0
Elk Grove Village,2,1,2.0
Ellington,2,1,2.0
Emmett,6,3,2.0
Forest Park,4,2,2.0
Forest Grove,2,1,2.0
Festus,2,1,2.0
Flagler Beach,2,1,2.0
Gallup,6,3,2.0
Chantilly,6,3,2.0
Chickasha,2,1,2.0
Cantonment,2,1,2.0
Carpinteria,10,5,2.0
Cave Creek,2,1,2.0
Cedar Falls,6,3,2.0
Caldwell,2,1,2.0
Buellton,2,1,2.0
Brownsburg,2,1,2.0
Bellmawr,2,1,2.0
Bayville,2,1,2.0
Bedford,6,3,2.0
Battle Creek,2,1,2.0
Ballwin,2,1,2.0
Barberton,2,1,2.0
Alton,10,5,2.0
Jamaica Plain,6,3,2.0
Iowa City,22,11,2.0
Kapaa,2,1,2.0
Kelso,2,1,2.0
Johnson City,20,10,2.0
Jenkintown,2,1,2.0
Lake Arrowhead,4,2,2.0
Laguna Hills,4,2,2.0
Grosse Pointe,2,1,2.0
Hagerstown,6,3,2.0
Goose Creek,2,1,2.0
Gering,2,1,2.0
Glen Cove,2,1,2.0
Gloucester,2,1,2.0
Happy Valley,2,1,2.0
Hattiesburg,18,9,2.0
High Bridge,2,1,2.0
Marquette,2,1,2.0
Mendocino,2,1,2.0
Logansport,4,2,2.0
Lilburn,2,1,2.0
Lincolnton,16,8,2.0
Lenexa,6,3,2.0
Lebec,2,1,2.0
Lutherville Timonium,2,1,2.0
Malden,4,2,2.0
Muskegon,6,3,2.0
Mundelein,4,2,2.0
Morehead City,4,2,2.0
Normandy Beach,2,1,2.0
North East,2,1,2.0
Newport Coast,4,2,2.0
Golden,27,14,1.9285714285714286
Fort Smith,27,14,1.9285714285714286
Southaven,23,12,1.9166666666666667
San Pedro,21,11,1.9090909090909092
Granbury,17,9,1.8888888888888888
Kirkland,15,8,1.875
Jersey City,30,16,1.875
Berwyn,15,8,1.875
Bloomington,39,21,1.8571428571428572
Antelope,13,7,1.8571428571428572
Henderson,50,27,1.8518518518518519
Bronx,35,19,1.8421052631578947
Dumfries,11,6,1.8333333333333333
Corvallis,11,6,1.8333333333333333
Lacey,11,6,1.8333333333333333
Pocatello,11,6,1.8333333333333333
New Braunfels,20,11,1.8181818181818181
San Leandro,29,16,1.8125
Metairie,9,5,1.8
La Puente,18,10,1.8
Kingsport,18,10,1.8
Lawrence,57,32,1.78125
Mathis,16,9,1.7777777777777777
North Bend,16,9,1.7777777777777777
Yucaipa,16,9,1.7777777777777777
Mammoth Lakes,23,13,1.7692307692307692
North Canton,7,4,1.75
New Bedford,7,4,1.75
New Berlin,7,4,1.75
Jamaica,7,4,1.75
Duarte,21,12,1.75
Fishers,7,4,1.75
Carpentersville,7,4,1.75
Arvada,7,4,1.75
Beverly,7,4,1.75
Bethel,14,8,1.75
Bartlett,7,4,1.75
Salt Point,7,4,1.75
Thibodaux,14,8,1.75
Plainview,19,11,1.7272727272727273
Idaho Falls,43,25,1.72
Mount Vernon,12,7,1.7142857142857142
Chico,12,7,1.7142857142857142
Dothan,24,14,1.7142857142857142
Danville,24,14,1.7142857142857142
Sebastopol,12,7,1.7142857142857142
Bend,46,27,1.7037037037037037
New Haven,17,10,1.7
Fort Wayne,22,13,1.6923076923076923
Terre Haute,22,13,1.6923076923076923
Dalton,32,19,1.6842105263157894
Milford,32,19,1.6842105263157894
Berkeley,79,47,1.6808510638297873
Tustin,42,25,1.68
Tualatin,5,3,1.6666666666666667
Uncasville,10,6,1.6666666666666667
Shrewsbury,5,3,1.6666666666666667
Suisun,5,3,1.6666666666666667
Panorama City,5,3,1.6666666666666667
Wilson,5,3,1.6666666666666667
Big Bear Lake,5,3,1.6666666666666667
American Fork,5,3,1.6666666666666667
Calistoga,10,6,1.6666666666666667
Breckenridge,5,3,1.6666666666666667
Bothell,15,9,1.6666666666666667
Freehold,5,3,1.6666666666666667
French Camp,5,3,1.6666666666666667
Falmouth,5,3,1.6666666666666667
Minden,5,3,1.6666666666666667
Mebane,5,3,1.6666666666666667
Liberty Lake,5,3,1.6666666666666667
Chino,53,32,1.65625
Athens,33,20,1.65
Troy,41,25,1.64
Ventura,39,24,1.625
Statesboro,13,8,1.625
Sinclair,8,5,1.6
South San Francisco,8,5,1.6
Tomball,8,5,1.6
Oakdale,8,5,1.6
Ojai,8,5,1.6
Portola Valley,8,5,1.6
Ramona,8,5,1.6
Bandera,8,5,1.6
Fowler,8,5,1.6
Fullerton,40,25,1.6
Lindon,8,5,1.6
Glen Rock,8,5,1.6
Menlo Park,27,17,1.588235294117647
Morgantown,11,7,1.5714285714285714
Jackson,50,32,1.5625
Goshen,14,9,1.5555555555555556
Hawthorne,14,9,1.5555555555555556
Evanston,14,9,1.5555555555555556
Chatsworth,17,11,1.5454545454545454
Palmdale,17,11,1.5454545454545454
Texarkana,17,11,1.5454545454545454
Canoga Park,37,24,1.5416666666666667
Cape Coral,12,8,1.5
Carol Stream,6,4,1.5
Castaic,6,4,1.5
Barstow,15,10,1.5
Bedford Hills,3,2,1.5
Bellflower,36,24,1.5
Bethpage,3,2,1.5
Atascadero,3,2,1.5
Azle,9,6,1.5
Arkansas City,6,4,1.5
Arcata,3,2,1.5
Adelanto,3,2,1.5
Fairfax,39,26,1.5
Eureka,3,2,1.5
Florence,57,38,1.5
Clovis,33,22,1.5
Decorah,6,4,1.5
Cumberland,3,2,1.5
Donna,3,2,1.5
Hartford,18,12,1.5
Graham,6,4,1.5
Grand Haven,3,2,1.5
Grovetown,3,2,1.5
Great Neck,3,2,1.5
Hurricane,6,4,1.5
Joplin,3,2,1.5
Kailua Kona,3,2,1.5
Laramie,12,8,1.5
Lakeville,3,2,1.5
La Feria,3,2,1.5
Laconia,3,2,1.5
Mount Clemens,3,2,1.5
Muskogee,6,4,1.5
Minooka,3,2,1.5
Newton Center,3,2,1.5
Midvale,3,2,1.5
Lewisville,3,2,1.5
Los Alamitos,21,14,1.5
Springboro,3,2,1.5
Southfield,3,2,1.5
Silsbee,15,10,1.5
Tucker,9,6,1.5
Wakefield,3,2,1.5
Orinda,6,4,1.5
Woodbridge,3,2,1.5
Burbank,110,74,1.4864864864864864
Cleveland,43,29,1.4827586206896552
Hanford,50,34,1.4705882352941178
Casper,16,11,1.4545454545454546
Greenville,61,42,1.4523809523809523
Grants Pass,13,9,1.4444444444444444
Cardiff By The Sea,13,9,1.4444444444444444
Fremont,39,27,1.4444444444444444
Springdale,13,9,1.4444444444444444
Santa Maria,10,7,1.4285714285714286
Fort Collins,40,28,1.4285714285714286
Broken Arrow,10,7,1.4285714285714286
Appleton,20,14,1.4285714285714286
Memphis,20,14,1.4285714285714286
Missoula,20,14,1.4285714285714286
Moultrie,10,7,1.4285714285714286
Knoxville,37,26,1.4230769230769231
Studio City,27,19,1.4210526315789473
Arcadia,17,12,1.4166666666666667
Pensacola,41,29,1.4137931034482758
Los Altos,24,17,1.411764705882353
Lafayette,38,27,1.4074074074074074
La Crescenta,7,5,1.4
Griffin,14,10,1.4
Massapequa Park,7,5,1.4
New Castle,7,5,1.4
Augusta,21,15,1.4
Alpine,7,5,1.4
Calumet City,14,10,1.4
Ferndale,7,5,1.4
Garden Grove,21,15,1.4
Elmwood Park,7,5,1.4
Eau Claire,7,5,1.4
East Lansing,7,5,1.4
Cockeysville,14,10,1.4
Corona Del Mar,14,10,1.4
Rocky Mount,14,10,1.4
Aurora,60,43,1.3953488372093024
Northridge,46,33,1.393939393939394
Culver City,40,29,1.3793103448275863
Providence,40,29,1.3793103448275863
Post Falls,11,8,1.375
Port Chester,22,16,1.375
Trabuco Canyon,22,16,1.375
Tupelo,11,8,1.375
El Monte,11,8,1.375
Flowery Branch,11,8,1.375
Batesville,11,8,1.375
New Iberia,11,8,1.375
Hurst,11,8,1.375
Santa Fe,56,41,1.3658536585365855
Macon,15,11,1.3636363636363635
Ardmore,19,14,1.3571428571428572
Tulare,23,17,1.3529411764705883
Verona,8,6,1.3333333333333333
West Jordan,16,12,1.3333333333333333
Santa Fe Springs,4,3,1.3333333333333333
San Gabriel,8,6,1.3333333333333333
Saint George,16,12,1.3333333333333333
Round Rock,12,9,1.3333333333333333
Rolla,4,3,1.3333333333333333
Point Pleasant Beach,4,3,1.3333333333333333
Brunswick,4,3,1.3333333333333333
Chambersburg,4,3,1.3333333333333333
Folsom,4,3,1.3333333333333333
Fallbrook,12,9,1.3333333333333333
East Hanover,12,9,1.3333333333333333
Encino,16,12,1.3333333333333333
De Pere,4,3,1.3333333333333333
Cloverdale,4,3,1.3333333333333333
Matawan,4,3,1.3333333333333333
Monroe,48,36,1.3333333333333333
Indio,16,12,1.3333333333333333
Kalispell,4,3,1.3333333333333333
Kaneohe,4,3,1.3333333333333333
Joliet,8,6,1.3333333333333333
Jonesboro,28,21,1.3333333333333333
Kennesaw,4,3,1.3333333333333333
Keystone,4,3,1.3333333333333333
Green Bay,20,15,1.3333333333333333
Groton,4,3,1.3333333333333333
Gulf Breeze,4,3,1.3333333333333333
Granger,4,3,1.3333333333333333
Hickory,12,9,1.3333333333333333
Highland Park,4,3,1.3333333333333333
Burlington,33,25,1.32
Astoria,30,23,1.3043478260869565
Healdsburg,13,10,1.3
Hudson,18,14,1.2857142857142858
Bel Air,18,14,1.2857142857142858
Bentonville,9,7,1.2857142857142858
Exeter,9,7,1.2857142857142858
Pacifica,9,7,1.2857142857142858
Rancho Palos Verdes,18,14,1.2857142857142858
San Rafael,9,7,1.2857142857142858
Westport,9,7,1.2857142857142858
Slidell,27,21,1.2857142857142858
Batavia,23,18,1.2777777777777777
Concord,60,47,1.2765957446808511
Evans,14,11,1.2727272727272727
Auburn,33,26,1.2692307692307692
Norfolk,33,26,1.2692307692307692
Leander,19,15,1.2666666666666666
Parker,19,15,1.2666666666666666
Eugene,48,38,1.263157894736842
Clive,34,27,1.2592592592592593
Durango,5,4,1.25
Edgartown,10,8,1.25
Calabasas,10,8,1.25
Lancaster,25,20,1.25
Hempstead,5,4,1.25
Northport,5,4,1.25
Milledgeville,10,8,1.25
Leominster,5,4,1.25
Old Saybrook,10,8,1.25
Williston,15,12,1.25
Fort Myers,31,25,1.24
Salinas,21,17,1.2352941176470589
Long Beach,164,133,1.2330827067669172
Naperville,16,13,1.2307692307692308
Placentia,54,44,1.2272727272727273
Ponca City,11,9,1.2222222222222223
Shelbyville,11,9,1.2222222222222223
Monroeville,11,9,1.2222222222222223
Litchfield Park,11,9,1.2222222222222223
Lakeside,11,9,1.2222222222222223
Keller,11,9,1.2222222222222223
Findlay,11,9,1.2222222222222223
Brighton,11,9,1.2222222222222223
Bristol,12,10,1.2
Cherry Hill,6,5,1.2
Abilene,12,10,1.2
Gaithersburg,12,10,1.2
Gonzales,12,10,1.2
Gresham,18,15,1.2
Lomita,42,35,1.2
Mount Juliet,18,15,1.2
Mount Prospect,6,5,1.2
Northvale,6,5,1.2
North Miami Beach,6,5,1.2
Netcong,6,5,1.2
Union City,12,10,1.2
Pagosa Springs,6,5,1.2
Winchester,12,10,1.2
Yulee,12,10,1.2
Visalia,102,86,1.186046511627907
Oakland,65,55,1.1818181818181819
Odessa,26,22,1.1818181818181819
Norco,13,11,1.1818181818181819
Oak Creek,13,11,1.1818181818181819
Hampton,13,11,1.1818181818181819
Fairfield,33,28,1.1785714285714286
Sandy,20,17,1.1764705882352942
San Ramon,14,12,1.1666666666666667
Davis,7,6,1.1666666666666667
Buford,7,6,1.1666666666666667
Klamath Falls,21,18,1.1666666666666667
Mishawaka,14,12,1.1666666666666667
Daly City,22,19,1.1578947368421053
Des Moines,37,32,1.15625
Bakersfield,134,116,1.1551724137931034
Middletown,60,52,1.1538461538461537
Roxbury,15,13,1.1538461538461537
San Jose,201,175,1.1485714285714286
Porterville,8,7,1.1428571428571428
Lombard,8,7,1.1428571428571428
Lynn,8,7,1.1428571428571428
Kings Beach,8,7,1.1428571428571428
Little Rock,42,37,1.135135135135135
Orange,137,121,1.1322314049586777
Columbus,187,166,1.1265060240963856
Bullhead City,9,8,1.125
Covina,65,58,1.1206896551724137
Santa Barbara,130,116,1.1206896551724137
Oakhurst,19,17,1.1176470588235294
Carmichael,19,17,1.1176470588235294
Surprise,29,26,1.1153846153846154
Sulphur,10,9,1.1111111111111112
West Berlin,10,9,1.1111111111111112
Cornelius,10,9,1.1111111111111112
Dana Point,30,27,1.1111111111111112
Mooresville,20,18,1.1111111111111112
Morrisville,10,9,1.1111111111111112
Nampa,21,19,1.105263157894737
Marietta,42,38,1.105263157894737
Lawton,11,10,1.1
Fairhope,11,10,1.1
Buena Park,22,20,1.1
Avondale,11,10,1.1
Alameda,11,10,1.1
Temple City,11,10,1.1
Stockbridge,11,10,1.1
Yorba Linda,34,31,1.096774193548387
Saint Petersburg,23,21,1.0952380952380953
Roswell,46,42,1.0952380952380953
Palm Desert,24,22,1.0909090909090908
Wichita Falls,12,11,1.0909090909090908
Bell Gardens,24,22,1.0909090909090908
Everett,24,22,1.0909090909090908
Tulsa,25,23,1.0869565217391304
Napa,38,35,1.0857142857142856
La Verne,51,47,1.0851063829787233
Granada Hills,13,12,1.0833333333333333
Goldsboro,13,12,1.0833333333333333
Louisville,92,85,1.0823529411764705
Salem,79,73,1.082191780821918
Corona,66,61,1.0819672131147542
Cathedral City,14,13,1.0769230769230769
New Paltz,14,13,1.0769230769230769
Grand Junction,14,13,1.0769230769230769
Owasso,14,13,1.0769230769230769
Modesto,58,54,1.0740740740740742
Boulder,44,41,1.0731707317073171
Santa Cruz,44,41,1.0731707317073171
Littleton,59,55,1.0727272727272728
Evansville,15,14,1.0714285714285714
Paso Robles,15,14,1.0714285714285714
Woodland Hills,46,43,1.069767441860465
Gilroy,31,29,1.0689655172413792
Killeen,16,15,1.0666666666666667
Simi Valley,66,62,1.064516129032258
Raleigh,83,78,1.064102564102564
Wyoming,17,16,1.0625
Forest Hills,17,16,1.0625
Beaverton,37,35,1.0571428571428572
Hammond,19,18,1.0555555555555556
Broomfield,20,19,1.0526315789473684
Fountain Valley,40,38,1.0526315789473684
Costa Mesa,84,80,1.05
Madison,65,62,1.0483870967741935
Martinez,22,21,1.0476190476190477
Stillwater,22,21,1.0476190476190477
Meridian,48,46,1.0434782608695652
Hayward,55,53,1.0377358490566038
Highland,30,29,1.0344827586206897
Virginia Beach,30,29,1.0344827586206897
Lincoln,38,37,1.027027027027027
Buffalo,41,40,1.025
San Marcos,46,45,1.0222222222222221
Amarillo,56,55,1.018181818181818
Milwaukee,64,63,1.0158730158730158
Kansas City,73,72,1.0138888888888888
Kenmore,2,2,1.0
Kennebunk,1,1,1.0
Kenwood,1,1,1.0
Kankakee,1,1,1.0
Kamuela,1,1,1.0
Hunt Valley,1,1,1.0
Idaho Springs,1,1,1.0
Indialantic,2,2,1.0
Jacksonville,120,120,1.0
Janesville,4,4,1.0
Jean,2,2,1.0
Kill Devil Hills,1,1,1.0
La Marque,1,1,1.0
Laguna Niguel,25,25,1.0
Laguna Woods,1,1,1.0
Le Roy,1,1,1.0
Lansdale,1,1,1.0
Larkspur,2,2,1.0
Lathrop,2,2,1.0
Langhorne,1,1,1.0
Lake Hiawatha,1,1,1.0
Lake Station,1,1,1.0
Lake George,1,1,1.0
Highland Falls,4,4,1.0
Hermitage,1,1,1.0
Hightstown,1,1,1.0
Hillsdale,12,12,1.0
Hockessin,1,1,1.0
Hollister,7,7,1.0
Hooksett,1,1,1.0
Hopewell,2,2,1.0
Hopkins,4,4,1.0
Horsham,5,5,1.0
Haymarket,1,1,1.0
Haverstraw,1,1,1.0
Hazelwood,3,3,1.0
Harbor City,6,6,1.0
Hastings,1,1,1.0
Hales Corners,2,2,1.0
Haiku,1,1,1.0
Haines City,3,3,1.0
Hacienda Heights,2,2,1.0
Greenbrae,1,1,1.0
Grayson,2,2,1.0
Glassboro,2,2,1.0
Glen Arbor,1,1,1.0
Glen Burnie,1,1,1.0
Godfrey,1,1,1.0
Glen Mills,1,1,1.0
Grand Rapids,38,38,1.0
Granite City,2,2,1.0
Goodyear,4,4,1.0
Grafton,1,1,1.0
Milton,3,3,1.0
Milltown,1,1,1.0
Minnetonka,1,1,1.0
Monroe Township,1,1,1.0
Moorpark,5,5,1.0
Montpelier,1,1,1.0
Muscle Shoals,1,1,1.0
Mustang,1,1,1.0
Mulberry,1,1,1.0
Murphys,1,1,1.0
Morgan Hill,8,8,1.0
Mount Lemmon,1,1,1.0
Mount Morris,2,2,1.0
Mount Pocono,1,1,1.0
Newtown,5,5,1.0
Newhall,13,13,1.0
Newburgh,3,3,1.0
National City,21,21,1.0
New Caney,1,1,1.0
Oak Bluffs,7,7,1.0
Nunica,1,1,1.0
North Ridgeville,1,1,1.0
Normal,15,15,1.0
Niles,5,5,1.0
North Adams,1,1,1.0
North Dartmouth,2,2,1.0
North Hills,4,4,1.0
Mahomet,1,1,1.0
Lynchburg,5,5,1.0
Lyons,3,3,1.0
Londonderry,1,1,1.0
Lorain,2,2,1.0
Menomonie,1,1,1.0
Merrimack,1,1,1.0
Michigan City,1,1,1.0
Middleton,3,3,1.0
Mcminnville,10,10,1.0
Mc Kees Rocks,1,1,1.0
Mccall,1,1,1.0
Mendota,1,1,1.0
Maricopa,1,1,1.0
Marysville,7,7,1.0
Maumee,1,1,1.0
Marina,1,1,1.0
Manti,1,1,1.0
Marana,1,1,1.0
Manchester Center,1,1,1.0
Mandeville,6,6,1.0
Manteca,8,8,1.0
Ambler,1,1,1.0
American Canyon,1,1,1.0
Angel Fire,3,3,1.0
Alviso,1,1,1.0
Amagansett,3,3,1.0
Abingdon,1,1,1.0
Acton,12,12,1.0
Ada,1,1,1.0
Ahoskie,1,1,1.0
Beavercreek,1,1,1.0
Bear,5,5,1.0
Belgrade,1,1,1.0
Bath,1,1,1.0
Barrington,1,1,1.0
Battle Ground,2,2,1.0
Bainbridge Island,10,10,1.0
Bensenville,1,1,1.0
Bettendorf,6,6,1.0
Berkley,1,1,1.0
Bishop,1,1,1.0
Blackfoot,1,1,1.0
Black Hawk,1,1,1.0
Brookhaven,1,1,1.0
Burton,1,1,1.0
Boulder City,2,2,1.0
Bonita Springs,4,4,1.0
Bloomfield Hills,1,1,1.0
Blue Island,3,3,1.0
Bluffton,16,16,1.0
Bridgehampton,3,3,1.0
Bridgeton,1,1,1.0
Bridgeview,4,4,1.0
Bridgeville,1,1,1.0
Castro Valley,10,10,1.0
Carbondale,8,8,1.0
Cape Canaveral,4,4,1.0
Canyon Country,12,12,1.0
Charlestown,1,1,1.0
Chardon,2,2,1.0
Cortlandt Manor,1,1,1.0
Covington,25,25,1.0
Corydon,1,1,1.0
Cornelia,1,1,1.0
Corolla,2,2,1.0
Columbia,51,51,1.0
Clarkston,2,2,1.0
Clemson,3,3,1.0
Colchester,2,2,1.0
Coffeyville,1,1,1.0
Citrus Heights,3,3,1.0
Clearlake,1,1,1.0
Clarion,1,1,1.0
De Soto,1,1,1.0
Cuyahoga Falls,9,9,1.0
Crete,1,1,1.0
Crossville,1,1,1.0
Deridder,4,4,1.0
Dunn,1,1,1.0
Dudley,1,1,1.0
Dunedin,3,3,1.0
Fort Pierce,2,2,1.0
Fraser,1,1,1.0
Frankenmuth,1,1,1.0
Galena,3,3,1.0
Gallatin,8,8,1.0
Gardena,27,27,1.0
Gardnerville,1,1,1.0
Fort Lee,1,1,1.0
Fort Mcdowell,1,1,1.0
Fitchburg,1,1,1.0
Felton,6,6,1.0
Fenton,8,8,1.0
Essex,3,3,1.0
Emporia,11,11,1.0
Elyria,1,1,1.0
Elm Grove,1,1,1.0
Elk Rapids,1,1,1.0
East Chicago,3,3,1.0
East Elmhurst,1,1,1.0
East Grand Forks,1,1,1.0
San Jacinto,5,5,1.0
Santa Clara,17,17,1.0
Santa Paula,1,1,1.0
Sapulpa,1,1,1.0
Saratoga,5,5,1.0
Sayville,1,1,1.0
Schenectady,3,3,1.0
Saline,1,1,1.0
San Angelo,11,11,1.0
Rural Hall,1,1,1.0
Rutherford,1,1,1.0
Saint Augustine,11,11,1.0
Punta Gorda,1,1,1.0
Pulaski,2,2,1.0
Rancho Santa Fe,2,2,1.0
Randolph,8,8,1.0
Ranson,3,3,1.0
Red Bluff,1,1,1.0
Redford,1,1,1.0
Rosemead,5,5,1.0
Rosenberg,1,1,1.0
Romeo,1,1,1.0
Rodeo,2,2,1.0
Rockaway,1,1,1.0
Ridgefield,3,3,1.0
Ripon,1,1,1.0
Rochelle,2,2,1.0
River Falls,1,1,1.0
Riverbank,1,1,1.0
Pawcatuck,1,1,1.0
Paragould,8,8,1.0
Pacific Grove,6,6,1.0
Owosso,1,1,1.0
Pacific,1,1,1.0
Palatine,14,14,1.0
Palisades,5,5,1.0
Oakley,1,1,1.0
Ooltewah,5,5,1.0
Omak,1,1,1.0
Oroville,1,1,1.0
Porter Ranch,6,6,1.0
Ponte Vedra Beach,7,7,1.0
Port Arthur,13,13,1.0
Pocono Pines,1,1,1.0
Pinole,1,1,1.0
Piqua,1,1,1.0
Pittsboro,2,2,1.0
Pella,1,1,1.0
Pearl City,1,1,1.0
Villa Park,4,4,1.0
Vincennes,2,2,1.0
Vashon,1,1,1.0
Valley Village,2,2,1.0
West Grove,2,2,1.0
West Haven,1,1,1.0
West Columbia,2,2,1.0
Wheat Ridge,6,6,1.0
Westminster,39,39,1.0
Wabash,1,1,1.0
Wappingers Falls,1,1,1.0
Watertown,7,7,1.0
Watsonville,4,4,1.0
Stinson Beach,1,1,1.0
Statesville,1,1,1.0
Sturbridge,2,2,1.0
Spencer,1,1,1.0
Telluride,2,2,1.0
Tarrytown,5,5,1.0
Stuart,5,5,1.0
Sunderland,1,1,1.0
Siloam Springs,1,1,1.0
Silver City,1,1,1.0
Skowhegan,1,1,1.0
Sioux City,20,20,1.0
Sisters,1,1,1.0
South Pasadena,11,11,1.0
Souderton,6,6,1.0
Shelton,5,5,1.0
Sewickley,1,1,1.0
Sebastian,1,1,1.0
Schiller Park,1,1,1.0
Youngsville,2,2,1.0
Yountville,3,3,1.0
Woods Hole,1,1,1.0
Worcester,5,5,1.0
Wrentham,1,1,1.0
Zephyr Cove,4,4,1.0
Williamsburg,13,13,1.0
White Plains,15,15,1.0
Willow Springs,1,1,1.0
Winnemucca,1,1,1.0
Winthrop,6,6,1.0
Winnsboro,1,1,1.0
Oklahoma City,125,126,0.9920634920634921
Springfield,113,114,0.9912280701754386
Indianapolis,156,159,0.9811320754716981
Fontana,80,82,0.975609756097561
Baldwin Park,40,41,0.975609756097561
Boise,76,78,0.9743589743589743
Mission Viejo,38,39,0.9743589743589743
Huntington Beach,124,128,0.96875
Duluth,27,28,0.9642857142857143
Thousand Oaks,54,56,0.9642857142857143
Decatur,25,26,0.9615384615384616
Cumming,23,24,0.9583333333333334
Beaumont,40,42,0.9523809523809523
Rehoboth Beach,20,21,0.9523809523809523
Campbell,18,19,0.9473684210526315
Germantown,18,19,0.9473684210526315
Hialeah,16,17,0.9411764705882353
Casa Grande,16,17,0.9411764705882353
Panama City,16,17,0.9411764705882353
Redlands,45,48,0.9375
Downey,30,32,0.9375
Edgewater,15,16,0.9375
Manhattan,15,16,0.9375
Midland,14,15,0.9333333333333333
Elkhart,14,15,0.9333333333333333
Coachella,13,14,0.9285714285714286
Compton,13,14,0.9285714285714286
La Quinta,26,28,0.9285714285714286
Rochester,64,69,0.927536231884058
Fort Lauderdale,38,41,0.926829268292683
Colton,25,27,0.9259259259259259
Bergenfield,12,13,0.9230769230769231
Redmond,12,13,0.9230769230769231
Montclair,35,38,0.9210526315789473
Diamond Bar,23,25,0.92
Vienna,23,25,0.92
Brooklyn,339,369,0.9186991869918699
Sierra Vista,11,12,0.9166666666666666
Santa Rosa,44,48,0.9166666666666666
Baltimore,65,71,0.9154929577464789
Tallahassee,54,59,0.9152542372881356
High Point,32,35,0.9142857142857143
Carlsbad,63,69,0.9130434782608695
Independence,41,45,0.9111111111111111
Kent,20,22,0.9090909090909091
Ladera Ranch,20,22,0.9090909090909091
Dover,30,33,0.9090909090909091
Commack,10,11,0.9090909090909091
Spring Hill,20,22,0.9090909090909091
Streamwood,10,11,0.9090909090909091
Hendersonville,28,31,0.9032258064516129
Kannapolis,36,40,0.9
Newbury Park,36,40,0.9
Arnold,9,10,0.9
Apple Valley,9,10,0.9
The Colony,9,10,0.9
Waco,18,20,0.9
West Hempstead,9,10,0.9
San Francisco,522,582,0.8969072164948454
Ontario,69,77,0.8961038961038961
Rockford,17,19,0.8947368421052632
Capitola,17,19,0.8947368421052632
Englewood,17,19,0.8947368421052632
Greensboro,17,19,0.8947368421052632
North Hollywood,33,37,0.8918918918918919
Moreno Valley,48,54,0.8888888888888888
Midlothian,16,18,0.8888888888888888
Manchester,16,18,0.8888888888888888
Altadena,8,9,0.8888888888888888
Okemos,8,9,0.8888888888888888
University Place,16,18,0.8888888888888888
Springville,8,9,0.8888888888888888
South Hadley,8,9,0.8888888888888888
Albuquerque,246,277,0.8880866425992779
Sherman Oaks,31,35,0.8857142857142857
Van Nuys,23,26,0.8846153846153846
Portland,268,303,0.8844884488448845
Kerrville,22,25,0.88
Leitchfield,7,8,0.875
North Brunswick,7,8,0.875
Alamo,21,24,0.875
Altamonte Springs,7,8,0.875
Cartersville,7,8,0.875
Elk Grove,28,32,0.875
Deerfield,7,8,0.875
Pottstown,7,8,0.875
Pleasant Hill,7,8,0.875
San Dimas,7,8,0.875
Urbandale,7,8,0.875
Seaford,7,8,0.875
Solana Beach,35,40,0.875
Woodside,14,16,0.875
Alhambra,41,47,0.8723404255319149
Encinitas,34,39,0.8717948717948718
Elkton,13,15,0.8666666666666667
Wake Forest,13,15,0.8666666666666667
Pico Rivera,26,30,0.8666666666666667
Riverside,141,163,0.8650306748466258
Rome,19,22,0.8636363636363636
Seal Beach,38,44,0.8636363636363636
Lansing,19,22,0.8636363636363636
Denver,227,264,0.8598484848484849
Cupertino,6,7,0.8571428571428571
Gastonia,18,21,0.8571428571428571
Carson,30,35,0.8571428571428571
Canton,18,21,0.8571428571428571
Glen Oaks,6,7,0.8571428571428571
Lexington,42,49,0.8571428571428571
Longmont,12,14,0.8571428571428571
Silver Spring,12,14,0.8571428571428571
Radford,12,14,0.8571428571428571
Woodhaven,6,7,0.8571428571428571
Overland Park,23,27,0.8518518518518519
Cypress,46,54,0.8518518518518519
Manhattan Beach,33,39,0.8461538461538461
Sioux Falls,48,57,0.8421052631578947
Lakewood,31,37,0.8378378378378378
Redondo Beach,72,86,0.8372093023255814
Las Vegas,297,355,0.8366197183098592
Glen Rose,5,6,0.8333333333333334
Milpitas,15,18,0.8333333333333334
Del Rio,10,12,0.8333333333333334
Diberville,10,12,0.8333333333333334
Early,5,6,0.8333333333333334
Centereach,10,12,0.8333333333333334
Alcoa,10,12,0.8333333333333334
Redding,5,6,0.8333333333333334
Rockland,5,6,0.8333333333333334
Sparks,25,30,0.8333333333333334
Taylor,10,12,0.8333333333333334
Uvalde,5,6,0.8333333333333334
Norwalk,53,64,0.828125
Temecula,86,104,0.8269230769230769
South Lake Tahoe,43,52,0.8269230769230769
Riverdale,19,23,0.8260869565217391
Stanton,14,17,0.8235294117647058
Wallingford,14,17,0.8235294117647058
Wilmington,56,68,0.8235294117647058
Lynnwood,14,17,0.8235294117647058
Lemon Grove,28,34,0.8235294117647058
North Las Vegas,46,56,0.8214285714285714
Winter Park,32,39,0.8205128205128205
San Bernardino,72,88,0.8181818181818182
Oswego,9,11,0.8181818181818182
Morristown,9,11,0.8181818181818182
Loma Linda,9,11,0.8181818181818182
Greenwich,9,11,0.8181818181818182
East Brunswick,9,11,0.8181818181818182
Crested Butte,9,11,0.8181818181818182
Sacramento,159,195,0.8153846153846154
Albany,22,27,0.8148148148148148
Hemet,22,27,0.8148148148148148
Sun City,13,16,0.8125
Chesapeake,30,37,0.8108108108108109
Haverhill,17,21,0.8095238095238095
Smyrna,21,26,0.8076923076923077
Payson,21,26,0.8076923076923077
Upland,54,67,0.8059701492537313
Hermosa Beach,41,51,0.803921568627451
Hamden,8,10,0.8
Key West,4,5,0.8
Lufkin,16,20,0.8
Nashville,44,55,0.8
Beverly Hills,20,25,0.8
Douglasville,4,5,0.8
Clinton Township,4,5,0.8
Easley,4,5,0.8
Frederick,8,10,0.8
Wheatland,4,5,0.8
Suwanee,8,10,0.8
Sycamore,4,5,0.8
O Fallon,4,5,0.8
Youngstown,8,10,0.8
Pasadena,121,152,0.7960526315789473
Dublin,31,39,0.7948717948717948
Montebello,27,34,0.7941176470588235
Lake Elsinore,50,63,0.7936507936507936
Los Angeles,699,882,0.7925170068027211
Anderson,19,24,0.7916666666666666
Victorville,19,24,0.7916666666666666
Oceanside,105,133,0.7894736842105263
Portsmouth,37,47,0.7872340425531915
Ormond Beach,11,14,0.7857142857142857
Renton,11,14,0.7857142857142857
Aliso Viejo,11,14,0.7857142857142857
Richmond,40,51,0.7843137254901961
Irvine,95,122,0.7786885245901639
Lawrenceville,7,9,0.7777777777777778
Harrisonburg,21,27,0.7777777777777778
Amherst,7,9,0.7777777777777778
Deerfield Beach,7,9,0.7777777777777778
Corsicana,7,9,0.7777777777777778
El Centro,14,18,0.7777777777777778
Waldorf,7,9,0.7777777777777778
Valley Cottage,7,9,0.7777777777777778
Southgate,14,18,0.7777777777777778
Scottsbluff,7,9,0.7777777777777778
Windsor,7,9,0.7777777777777778
Falls Church,24,31,0.7741935483870968
Easton,17,22,0.7727272727272727
Melbourne,17,22,0.7727272727272727
Sedona,17,22,0.7727272727272727
San Clemente,34,44,0.7727272727272727
San Juan Capistrano,10,13,0.7692307692307693
West Covina,30,39,0.7692307692307693
Newport News,10,13,0.7692307692307693
Newark,20,26,0.7692307692307693
La Canada Flintridge,10,13,0.7692307692307693
Allston,10,13,0.7692307692307693
Ankeny,10,13,0.7692307692307693
Bixby,10,13,0.7692307692307693
Anaheim,106,138,0.7681159420289855
La Mesa,86,112,0.7678571428571429
Whittier,62,81,0.7654320987654321
Toledo,13,17,0.7647058823529411
Burlingame,13,17,0.7647058823529411
Conyers,13,17,0.7647058823529411
Azusa,47,62,0.7580645161290323
Salt Lake City,108,143,0.7552447552447552
Sauk City,3,4,0.75
Rockville,21,28,0.75
Red Bank,6,8,0.75
Prescott,3,4,0.75
Palm Bay,9,12,0.75
Petal,6,8,0.75
Vail,3,4,0.75
Shallotte,6,8,0.75
Sylva,3,4,0.75
Sunland,6,8,0.75
Alvin,12,16,0.75
Aptos,18,24,0.75
Arlington Heights,3,4,0.75
Alamosa,9,12,0.75
Bismarck,3,4,0.75
Beeville,6,8,0.75
Center Valley,3,4,0.75
Champlin,3,4,0.75
Campbellsville,12,16,0.75
Corte Madera,9,12,0.75
Cromwell,6,8,0.75
Dubuque,3,4,0.75
El Cerrito,3,4,0.75
East Wareham,6,8,0.75
Flemington,6,8,0.75
La Jolla,84,112,0.75
Kokomo,6,8,0.75
Lake Wales,6,8,0.75
Hutto,6,8,0.75
Greenport,3,4,0.75
Northfield,3,4,0.75
Manassas,15,20,0.75
Marlboro,3,4,0.75
Marlborough,3,4,0.75
Macedonia,6,8,0.75
Stockton,35,47,0.7446808510638298
Frankfort,20,27,0.7407407407407407
Mesa,57,77,0.7402597402597403
New York,459,623,0.7367576243980738
San Diego,819,1115,0.7345291479820628
Chicago,498,679,0.7334315169366715
Carthage,11,15,0.7333333333333333
Lebanon,11,15,0.7333333333333333
Irving,33,45,0.7333333333333333
Pooler,11,15,0.7333333333333333
Reno,62,85,0.7294117647058823
Portage,8,11,0.7272727272727273
Orland Park,8,11,0.7272727272727273
Orlando,64,88,0.7272727272727273
Olive Branch,8,11,0.7272727272727273
Lewiston,8,11,0.7272727272727273
Calimesa,8,11,0.7272727272727273
Brooksville,8,11,0.7272727272727273
Flint,8,11,0.7272727272727273
Redwood City,37,51,0.7254901960784313
Plymouth,13,18,0.7222222222222222
Walnut Creek,31,43,0.7209302325581395
Longview,18,25,0.72
Marina Del Rey,28,39,0.717948717948718
Laguna Beach,45,63,0.7142857142857143
El Dorado Hills,5,7,0.7142857142857143
Coppell,5,7,0.7142857142857143
California,5,7,0.7142857142857143
Westfield,5,7,0.7142857142857143
Vallejo,15,21,0.7142857142857143
Steamboat Springs,15,21,0.7142857142857143
Poway,5,7,0.7142857142857143
Olathe,10,14,0.7142857142857143
Park City,5,7,0.7142857142857143
Raynham,10,14,0.7142857142857143
Rancho Cucamonga,65,91,0.7142857142857143
Rockledge,5,7,0.7142857142857143
Scarsdale,5,7,0.7142857142857143
Emeryville,17,24,0.7083333333333334
Hollywood,29,41,0.7073170731707317
Rialto,29,41,0.7073170731707317
Charlotte,118,167,0.7065868263473054
Ocala,12,17,0.7058823529411765
Sterling,12,17,0.7058823529411765
Davenport,19,27,0.7037037037037037
Mount Pleasant,19,27,0.7037037037037037
Chino Hills,40,57,0.7017543859649122
Butler,7,10,0.7
Nacogdoches,7,10,0.7
New Rochelle,7,10,0.7
Hoboken,7,10,0.7
Hoffman Estates,7,10,0.7
Peoria,63,90,0.7
Reedley,14,20,0.7
Saint Robert,7,10,0.7
Atlanta,144,206,0.6990291262135923
Vista,51,73,0.6986301369863014
Seattle,174,250,0.696
Mountain View,32,46,0.6956521739130435
Charlottesville,25,36,0.6944444444444444
Sunnyvale,34,49,0.6938775510204082
Torrance,43,62,0.6935483870967742
Saint Charles,9,13,0.6923076923076923
Santa Ana,117,169,0.6923076923076923
Chester,9,13,0.6923076923076923
Bradenton,9,13,0.6923076923076923
Aspen,9,13,0.6923076923076923
Aiken,9,13,0.6923076923076923
Algonquin,9,13,0.6923076923076923
Melvindale,9,13,0.6923076923076923
Camarillo,40,58,0.6896551724137931
Champaign,20,29,0.6896551724137931
Omaha,51,74,0.6891891891891891
Wichita,31,45,0.6888888888888889
Phoenix,209,304,0.6875
Sarasota,22,32,0.6875
West Bridgewater,11,16,0.6875
Chattanooga,22,32,0.6875
Cambridge,24,35,0.6857142857142857
Alexandria,28,41,0.6829268292682927
Escondido,38,56,0.6785714285714286
Fresno,95,140,0.6785714285714286
Lompoc,19,28,0.6785714285714286
Honolulu,19,28,0.6785714285714286
Topeka,19,28,0.6785714285714286
Titusville,6,9,0.6666666666666666
Troutdale,4,6,0.6666666666666666
Victoria,8,12,0.6666666666666666
Universal City,4,6,0.6666666666666666
Sylmar,2,3,0.6666666666666666
Tacoma,24,36,0.6666666666666666
Southold,2,3,0.6666666666666666
Seguin,6,9,0.6666666666666666
Southington,6,9,0.6666666666666666
Saint Helena,4,6,0.6666666666666666
Provincetown,6,9,0.6666666666666666
Roslyn,2,3,0.6666666666666666
Rock Island,2,3,0.6666666666666666
Phoenixville,4,6,0.6666666666666666
Pismo Beach,12,18,0.6666666666666666
Petaluma,2,3,0.6666666666666666
Portales,2,3,0.6666666666666666
Polson,4,6,0.6666666666666666
Orange Park,8,12,0.6666666666666666
Orem,6,9,0.6666666666666666
Paramus,10,15,0.6666666666666666
Owensboro,2,3,0.6666666666666666
Winder,2,3,0.6666666666666666
Woodburn,2,3,0.6666666666666666
Yorktown,2,3,0.6666666666666666
Homewood,6,9,0.6666666666666666
Herndon,4,6,0.6666666666666666
Hillsboro,4,6,0.6666666666666666
Hebron,2,3,0.6666666666666666
Half Moon Bay,2,3,0.6666666666666666
Glenview,10,15,0.6666666666666666
La Mirada,16,24,0.6666666666666666
La Porte,2,3,0.6666666666666666
Lake Oswego,12,18,0.6666666666666666
Layton,16,24,0.6666666666666666
Lake Havasu City,2,3,0.6666666666666666
Largo,2,3,0.6666666666666666
Jefferson,2,3,0.6666666666666666
Idyllwild,2,3,0.6666666666666666
Long Island City,4,6,0.6666666666666666
Mechanicville,2,3,0.6666666666666666
Mentor,4,6,0.6666666666666666
Merced,4,6,0.6666666666666666
Marco Island,2,3,0.6666666666666666
Mamaroneck,2,3,0.6666666666666666
Marshfield,2,3,0.6666666666666666
Montrose,12,18,0.6666666666666666
Navarre,2,3,0.6666666666666666
New Baltimore,2,3,0.6666666666666666
Galesburg,2,3,0.6666666666666666
Framingham,2,3,0.6666666666666666
Forest City,6,9,0.6666666666666666
Ennis,6,9,0.6666666666666666
Clermont,18,27,0.6666666666666666
Corning,4,6,0.6666666666666666
Dayton,4,6,0.6666666666666666
Akron,14,21,0.6666666666666666
Beckley,6,9,0.6666666666666666
Bellevue,18,27,0.6666666666666666
Belvidere,2,3,0.6666666666666666
Chatham,2,3,0.6666666666666666
Cerritos,14,21,0.6666666666666666
Braintree,4,6,0.6666666666666666
Washington,147,221,0.665158371040724
El Paso,62,94,0.6595744680851063
Tampa,83,126,0.6587301587301587
Imperial Beach,23,35,0.6571428571428571
Cicero,19,29,0.6551724137931034
Clearwater,19,29,0.6551724137931034
Saint Paul,70,107,0.6542056074766355
Roseville,66,101,0.6534653465346535
Whitehall,15,23,0.6521739130434783
Huntsville,30,46,0.6521739130434783
Medford,13,20,0.65
Mcdonough,13,20,0.65
Newberg,11,17,0.6470588235294118
Inglewood,33,51,0.6470588235294118
Somerville,20,31,0.6451612903225806
Waxahachie,9,14,0.6428571428571429
Durant,9,14,0.6428571428571429
Brownsville,9,14,0.6428571428571429
Bellingham,25,39,0.6410256410256411
College Station,16,25,0.64
Lone Tree,16,25,0.64
Helena,7,11,0.6363636363636364
Hiram,7,11,0.6363636363636364
Coralville,7,11,0.6363636363636364
Crystal River,7,11,0.6363636363636364
Florissant,7,11,0.6363636363636364
Fargo,7,11,0.6363636363636364
Bryan,7,11,0.6363636363636364
Rancho Mirage,21,33,0.6363636363636364
Spokane,40,63,0.6349206349206349
Cedar Rapids,19,30,0.6333333333333333
Lynwood,19,30,0.6333333333333333
Kissimmee,12,19,0.631578947368421
Boynton Beach,12,19,0.631578947368421
Saint Cloud,12,19,0.631578947368421
Rancho Santa Margarita,10,16,0.625
Pinellas Park,5,8,0.625
South Portland,5,8,0.625
Skokie,10,16,0.625
Simsbury,5,8,0.625
Sebring,5,8,0.625
Weslaco,5,8,0.625
West Hollywood,20,32,0.625
West Springfield,5,8,0.625
Tilton,5,8,0.625
York,10,16,0.625
Cedar City,5,8,0.625
Chicago Ridge,5,8,0.625
Bardstown,5,8,0.625
Atoka,5,8,0.625
Fort Hood,5,8,0.625
Fultondale,5,8,0.625
East Haven,5,8,0.625
Kenosha,10,16,0.625
Kailua,5,8,0.625
Hinesville,5,8,0.625
Holly Springs,5,8,0.625
Horseheads,5,8,0.625
Glastonbury,5,8,0.625
Machesney Park,5,8,0.625
Manitou Springs,5,8,0.625
New Brunswick,15,24,0.625
Monument,5,8,0.625
Monrovia,40,64,0.625
Mountain Home,5,8,0.625
Chandler,31,50,0.62
Collierville,13,21,0.6190476190476191
Hesperia,13,21,0.6190476190476191
Pleasanton,26,42,0.6190476190476191
Vancouver,29,47,0.6170212765957447
Greensburg,8,13,0.6153846153846154
New Orleans,24,39,0.6153846153846154
Canonsburg,8,13,0.6153846153846154
Pomona,51,83,0.6144578313253012
Birmingham,22,36,0.6111111111111112
Dedham,11,18,0.6111111111111112
Montgomery,25,41,0.6097560975609756
Vacaville,25,41,0.6097560975609756
Leesburg,14,23,0.6086956521739131
Garden City,28,46,0.6086956521739131
Coeur D Alene,17,28,0.6071428571428571
Newport Beach,60,99,0.6060606060606061
Arlington,79,131,0.6030534351145038
Benicia,6,10,0.6
Cary,3,5,0.6
Chelsea,15,25,0.6
Bound Brook,3,5,0.6
Conroe,12,20,0.6
Dyer,3,5,0.6
Denison,9,15,0.6
Deland,6,10,0.6
Eagle Pass,6,10,0.6
New Milford,3,5,0.6
Monterey,9,15,0.6
Millsboro,3,5,0.6
Lenoir City,6,10,0.6
Manville,3,5,0.6
Merrillville,6,10,0.6
Highland Mills,3,5,0.6
Haslett,6,10,0.6
Key Biscayne,3,5,0.6
Vernon Hills,6,10,0.6
Waterloo,3,5,0.6
Walnut,6,10,0.6
Waltham,12,20,0.6
Shorewood,6,10,0.6
Southbury,6,10,0.6
Stevenson Ranch,3,5,0.6
Taft,3,5,0.6
Plant City,6,10,0.6
Palos Verdes Peninsula,6,10,0.6
Olympia,9,15,0.6
Ogden,6,10,0.6
Oldsmar,6,10,0.6
Ramsey,6,10,0.6
Yukon,27,45,0.6
Carmel,25,42,0.5952380952380952
Palo Alto,36,61,0.5901639344262295
Saginaw,10,17,0.5882352941176471
Traverse City,20,34,0.5882352941176471
Humble,30,51,0.5882352941176471
Miami,75,128,0.5859375
Burnsville,7,12,0.5833333333333334
Bay City,7,12,0.5833333333333334
Evergreen,14,24,0.5833333333333334
Downingtown,7,12,0.5833333333333334
West Roxbury,14,24,0.5833333333333334
Murrieta,32,55,0.5818181818181818
Edmond,18,31,0.5806451612903226
Boca Raton,22,38,0.5789473684210527
Des Plaines,15,26,0.5769230769230769
Paramount,15,26,0.5769230769230769
Oxnard,30,52,0.5769230769230769
Pompano Beach,19,33,0.5757575757575758
Colorado Springs,12,21,0.5714285714285714
Clementon,12,21,0.5714285714285714
Galveston,4,7,0.5714285714285714
Carrollton,24,42,0.5714285714285714
Monterey Park,8,14,0.5714285714285714
Montauk,4,7,0.5714285714285714
North Highlands,4,7,0.5714285714285714
Gurnee,8,14,0.5714285714285714
Palm Springs,33,58,0.5689655172413793
Jupiter,17,30,0.5666666666666667
Chula Vista,56,99,0.5656565656565656
Corpus Christi,26,46,0.5652173913043478
Santee,22,39,0.5641025641025641
Westbrook,9,16,0.5625
Warner Robins,9,16,0.5625
Selma,9,16,0.5625
Livermore,18,32,0.5625
Cheyenne,23,41,0.5609756097560976
Brentwood,24,43,0.5581395348837209
Danbury,5,9,0.5555555555555556
Forney,5,9,0.5555555555555556
Magnolia,5,9,0.5555555555555556
Noblesville,5,9,0.5555555555555556
New Britain,5,9,0.5555555555555556
Mobile,15,27,0.5555555555555556
Kew Gardens,5,9,0.5555555555555556
Katy,15,27,0.5555555555555556
Huntington Park,30,54,0.5555555555555556
Ithaca,5,9,0.5555555555555556
Grand Prairie,10,18,0.5555555555555556
Shakopee,10,18,0.5555555555555556
West Fargo,5,9,0.5555555555555556
Venice,30,54,0.5555555555555556
Salisbury,15,27,0.5555555555555556
Rossford,5,9,0.5555555555555556
Pflugerville,10,18,0.5555555555555556
Perrysburg,10,18,0.5555555555555556
Glendora,31,56,0.5535714285714286
Las Cruces,26,47,0.5531914893617021
Ann Arbor,22,40,0.55
Rocklin,11,20,0.55
Tyler,11,20,0.55
Pittsburg,17,31,0.5483870967741935
Newport,17,31,0.5483870967741935
Norcross,12,22,0.5454545454545454
La Place,6,11,0.5454545454545454
Kemah,6,11,0.5454545454545454
Great Falls,6,11,0.5454545454545454
Holland,12,22,0.5454545454545454
Bethlehem,6,11,0.5454545454545454
Euless,6,11,0.5454545454545454
Ellicott City,6,11,0.5454545454545454
Palatka,6,11,0.5454545454545454
Oshkosh,12,22,0.5454545454545454
Reading,6,11,0.5454545454545454
San Luis Obispo,12,22,0.5454545454545454
Wayne,6,11,0.5454545454545454
Ypsilanti,6,11,0.5454545454545454
Winnetka,6,11,0.5454545454545454
Gainesville,19,35,0.5428571428571428
La Habra,26,48,0.5416666666666666
Yonkers,13,24,0.5416666666666666
West Palm Beach,20,37,0.5405405405405406
Romeoville,7,13,0.5384615384615384
Patterson,7,13,0.5384615384615384
Missouri City,7,13,0.5384615384615384
Acworth,7,13,0.5384615384615384
Boston,65,121,0.5371900826446281
Hilton Head Island,22,41,0.5365853658536586
Homestead,8,15,0.5333333333333333
Lubbock,16,30,0.5333333333333333
Attleboro,8,15,0.5333333333333333
Bay Shore,8,15,0.5333333333333333
Westbury,16,30,0.5333333333333333
Waukegan,8,15,0.5333333333333333
Soquel,8,15,0.5333333333333333
Plano,17,32,0.53125
Saratoga Springs,17,32,0.53125
Yuba City,17,32,0.53125
Philadelphia,88,166,0.5301204819277109
Port Richey,9,17,0.5294117647058824
San Carlos,9,17,0.5294117647058824
Royal Oak,9,17,0.5294117647058824
Warren,9,17,0.5294117647058824
Wisconsin Dells,9,17,0.5294117647058824
Cedar Hill,9,17,0.5294117647058824
Maywood,9,17,0.5294117647058824
Franklin,37,70,0.5285714285714286
Santa Monica,98,186,0.5268817204301075
Plainfield,10,19,0.5263157894736842
Brea,32,61,0.5245901639344263
Carson City,11,21,0.5238095238095238
Minneapolis,125,239,0.5230125523012552
South Gate,23,44,0.5227272727272727
Pearland,12,23,0.5217391304347826
Webster,26,50,0.52
Gilbert,27,52,0.5192307692307693
Annapolis,14,27,0.5185185185185185
Greenwood,15,29,0.5172413793103449
Provo,30,58,0.5172413793103449
Warwick,16,31,0.5161290322580645
Castle Rock,16,31,0.5161290322580645
Scottsdale,81,157,0.5159235668789809
Spring Valley,35,68,0.5147058823529411
Naples,21,41,0.5121951219512195
Murfreesboro,7,14,0.5
Mount Dora,5,10,0.5
Morris,6,12,0.5
Morton,1,2,0.5
Mission,1,2,0.5
North Palm Beach,2,4,0.5
Northampton,5,10,0.5
New Buffalo,1,2,0.5
Needham,2,4,0.5
Nellysford,1,2,0.5
Nashua,14,28,0.5
Media,4,8,0.5
Merritt Island,6,12,0.5
Lutz,6,12,0.5
Loveland,16,32,0.5
Los Banos,6,12,0.5
Lynnfield,4,8,0.5
Macomb,1,2,0.5
Livonia,6,12,0.5
Logan,6,12,0.5
Linthicum Heights,6,12,0.5
Lehighton,1,2,0.5
Greeneville,1,2,0.5
Great Bend,1,2,0.5
Gunnison,1,2,0.5
Hackettstown,1,2,0.5
Gladstone,1,2,0.5
Gaston,2,4,0.5
Glenmont,5,10,0.5
Grapevine,5,10,0.5
Granite Bay,4,8,0.5
Hinsdale,1,2,0.5
Hobbs,3,6,0.5
Hasbrouck Heights,1,2,0.5
Harker Heights,1,2,0.5
Hazleton,1,2,0.5
Hawaiian Gardens,3,6,0.5
Kinston,1,2,0.5
Kenner,1,2,0.5
Kilgore,5,10,0.5
Larchmont,3,6,0.5
Laveen,1,2,0.5
Lake Jackson,1,2,0.5
Lanham,1,2,0.5
Kapolei,5,10,0.5
Islamorada,2,4,0.5
Issaquah,9,18,0.5
Inverness,2,4,0.5
Huntingdon Valley,1,2,0.5
Carefree,3,6,0.5
Carey,1,2,0.5
Chapin,2,4,0.5
Central Point,1,2,0.5
Boone,2,4,0.5
Bloomfield,2,4,0.5
Calexico,1,2,0.5
Apache Junction,1,2,0.5
Atwater,1,2,0.5
Avalon,1,2,0.5
Accident,1,2,0.5
Agoura Hills,1,2,0.5
Altoona,2,4,0.5
Anacortes,4,8,0.5
Ames,8,16,0.5
Beach Haven,2,4,0.5
Blackwood,1,2,0.5
Gaffney,2,4,0.5
East Northport,7,14,0.5
Crosby,1,2,0.5
Dickinson,1,2,0.5
Durham,24,48,0.5
Dunellen,5,10,0.5
Chippewa Falls,1,2,0.5
Clackamas,1,2,0.5
Claremont,11,22,0.5
Clawson,2,4,0.5
Cocoa Beach,1,2,0.5
Spring Lake,8,16,0.5
Stevensville,2,4,0.5
Stonington,1,2,0.5
Stroudsburg,1,2,0.5
Suffern,3,6,0.5
Tenafly,2,4,0.5
Secaucus,6,12,0.5
Sedro Woolley,1,2,0.5
Shelby,1,2,0.5
Shepherdstown,1,2,0.5
Sheridan,1,2,0.5
Sherman,7,14,0.5
South Elgin,6,12,0.5
Sidney,1,2,0.5
Simpsonville,2,4,0.5
Smithtown,1,2,0.5
Water Mill,1,2,0.5
Waterbury,1,2,0.5
Walpole,8,16,0.5
Wesley Chapel,2,4,0.5
West Hartford,2,4,0.5
Westland,1,2,0.5
Westborough,2,4,0.5
Tybee Island,2,4,0.5
Towson,2,4,0.5
Thiensville,2,4,0.5
Valley Center,3,6,0.5
Ukiah,8,16,0.5
Prescott Valley,8,16,0.5
Queen Creek,1,2,0.5
Rahway,1,2,0.5
Raymore,1,2,0.5
Rochelle Park,1,2,0.5
Rio Rancho,9,18,0.5
Richmond Hill,1,2,0.5
Richland,2,4,0.5
Richardson,5,10,0.5
Sanger,2,4,0.5
San Bruno,6,12,0.5
Sammamish,2,4,0.5
Pelham,1,2,0.5
Port Huron,1,2,0.5
Paterson,1,2,0.5
Pacific City,1,2,0.5
Ottawa,1,2,0.5
Old Bridge,1,2,0.5
Oconto Falls,1,2,0.5
Oberlin,1,2,0.5
Windermere,1,2,0.5
Willis,4,8,0.5
Wilmette,1,2,0.5
Wickliffe,1,2,0.5
Woody Creek,1,2,0.5
San Antonio,172,345,0.4985507246376812
Fort Worth,93,192,0.484375
Osage Beach,15,31,0.4838709677419355
Coronado,14,29,0.4827586206896552
Flagstaff,25,52,0.4807692307692308
Atlantic City,10,21,0.47619047619047616
Sugar Land,19,40,0.475
Delray Beach,9,19,0.47368421052631576
Fresh Meadows,8,17,0.47058823529411764
Brookfield,8,17,0.47058823529411764
El Cajon,53,113,0.4690265486725664
Colleyville,7,15,0.4666666666666667
Bolingbrook,7,15,0.4666666666666667
Irmo,7,15,0.4666666666666667
Kalamazoo,7,15,0.4666666666666667
Jessup,7,15,0.4666666666666667
Newaygo,7,15,0.4666666666666667
Stoughton,7,15,0.4666666666666667
Valencia,21,45,0.4666666666666667
Wellington,14,30,0.4666666666666667
Racine,7,15,0.4666666666666667
Zachary,7,15,0.4666666666666667
Wylie,6,13,0.46153846153846156
West Chester,18,39,0.46153846153846156
Thomaston,6,13,0.46153846153846156
Sykesville,6,13,0.46153846153846156
Snellville,6,13,0.46153846153846156
North Olmsted,6,13,0.46153846153846156
Martinsville,6,13,0.46153846153846156
Knightdale,6,13,0.46153846153846156
Elmhurst,6,13,0.46153846153846156
Charleston,41,90,0.45555555555555555
Bowie,5,11,0.45454545454545453
Antioch,5,11,0.45454545454545453
Andover,5,11,0.45454545454545453
Bennington,5,11,0.45454545454545453
East Peoria,5,11,0.45454545454545453
Jewett City,5,11,0.45454545454545453
Keene,5,11,0.45454545454545453
Holtsville,5,11,0.45454545454545453
Grand Forks,5,11,0.45454545454545453
Mineral Wells,5,11,0.45454545454545453
Myrtle Beach,5,11,0.45454545454545453
West Mifflin,5,11,0.45454545454545453
Weatherford,14,31,0.45161290322580644
Billings,14,31,0.45161290322580644
Tempe,29,65,0.4461538461538462
Syracuse,8,18,0.4444444444444444
State College,4,9,0.4444444444444444
Opelousas,8,18,0.4444444444444444
Bethesda,4,9,0.4444444444444444
El Segundo,20,45,0.4444444444444444
Miami Beach,16,36,0.4444444444444444
Mc Lean,4,9,0.4444444444444444
Baton Rouge,23,52,0.4423076923076923
Staten Island,11,25,0.44
Petoskey,7,16,0.4375
Zephyrhills,7,16,0.4375
Farmington,7,16,0.4375
Daytona Beach,14,32,0.4375
Medina,7,16,0.4375
Kaysville,7,16,0.4375
Laredo,14,32,0.4375
Kihei,6,14,0.42857142857142855
Key Largo,3,7,0.42857142857142855
Madison Heights,3,7,0.42857142857142855
Edwards,3,7,0.42857142857142855
Pittsburgh,21,49,0.42857142857142855
Pacific Palisades,3,7,0.42857142857142855
Saint Louis,49,116,0.4224137931034483
Brandon,16,38,0.42105263157894735
Woodstock,26,62,0.41935483870967744
Port Charlotte,5,12,0.4166666666666667
Apopka,5,12,0.4166666666666667
Allen Park,5,12,0.4166666666666667
Downers Grove,10,24,0.4166666666666667
Huntersville,5,12,0.4166666666666667
Lake Forest,15,36,0.4166666666666667
Hot Springs National Park,5,12,0.4166666666666667
Carmel By The Sea,7,17,0.4117647058823529
Quincy,7,17,0.4117647058823529
Rockwall,7,17,0.4117647058823529
Westlake Village,7,17,0.4117647058823529
Tucson,131,321,0.40809968847352024
Westmont,2,5,0.4
West Deptford,2,5,0.4
Voorhees,2,5,0.4
Waukesha,6,15,0.4
Sulphur Springs,6,15,0.4
Somersworth,6,15,0.4
Richburg,6,15,0.4
Perris,10,25,0.4
Yuma,10,25,0.4
Wilkes Barre,2,5,0.4
Wetumpka,6,15,0.4
Brattleboro,6,15,0.4
Bremerton,2,5,0.4
Bushnell,6,15,0.4
Akutan,2,5,0.4
Alabaster,6,15,0.4
Artesia,4,10,0.4
Bessemer,6,15,0.4
Beltsville,6,15,0.4
Elgin,4,10,0.4
East Windsor,6,15,0.4
Henrico,8,20,0.4
Hazlehurst,6,15,0.4
Glendale,58,145,0.4
Green Lake,2,5,0.4
La Vista,2,5,0.4
Lady Lake,8,20,0.4
Indiana,6,15,0.4
Islandia,8,20,0.4
Malibu,14,35,0.4
Mechanicsburg,6,15,0.4
Mauldin,2,5,0.4
Mount Kisco,2,5,0.4
Mount Washington,6,15,0.4
Moorhead,2,5,0.4
Nogales,2,5,0.4
New Port Richey,6,15,0.4
Houston,238,597,0.39865996649916247
Levittown,7,18,0.3888888888888889
Glenwood Springs,5,13,0.38461538461538464
Goleta,10,26,0.38461538461538464
Eatontown,5,13,0.38461538461538464
Denton,25,65,0.38461538461538464
Claremore,5,13,0.38461538461538464
Asheboro,5,13,0.38461538461538464
Auburndale,5,13,0.38461538461538464
Pontiac,5,13,0.38461538461538464
Round Lake,5,13,0.38461538461538464
Somerset,5,13,0.38461538461538464
Southern Pines,5,13,0.38461538461538464
Valparaiso,5,13,0.38461538461538464
Georgetown,11,29,0.3793103448275862
San Mateo,28,74,0.3783783783783784
Utica,9,24,0.375
Waterford,3,8,0.375
Wheaton,6,16,0.375
Sea Isle City,3,8,0.375
Stafford,9,24,0.375
Lakeland,3,8,0.375
Clay,6,16,0.375
Clare,6,16,0.375
Frisco,15,40,0.375
Brockton,7,19,0.3684210526315789
Fort Mill,4,11,0.36363636363636365
Palm Beach Gardens,4,11,0.36363636363636365
Foothill Ranch,14,39,0.358974358974359
Cedar Park,5,14,0.35714285714285715
New Lenox,5,14,0.35714285714285715
Oak Park,5,14,0.35714285714285715
Valrico,5,14,0.35714285714285715
Alpharetta,27,76,0.35526315789473684
Jacksonville Beach,6,17,0.35294117647058826
North Wales,7,20,0.35
Madera,7,20,0.35
Malvern,1,3,0.3333333333333333
Lynn Haven,1,3,0.3333333333333333
Lynden,1,3,0.3333333333333333
Lincoln City,1,3,0.3333333333333333
Lockport,1,3,0.3333333333333333
Maynard,1,3,0.3333333333333333
Mays Landing,1,3,0.3333333333333333
Mankato,1,3,0.3333333333333333
North Richland Hills,1,3,0.3333333333333333
Oak Harbor,1,3,0.3333333333333333
North Liberty,1,3,0.3333333333333333
North Myrtle Beach,2,6,0.3333333333333333
Mount Airy,1,3,0.3333333333333333
Moorestown,3,9,0.3333333333333333
Murray,1,3,0.3333333333333333
Indian Wells,2,6,0.3333333333333333
Lambertville,1,3,0.3333333333333333
Lake Grove,1,3,0.3333333333333333
Latrobe,1,3,0.3333333333333333
Hadley,2,6,0.3333333333333333
Hampton Bays,2,6,0.3333333333333333
Holmdel,5,15,0.3333333333333333
Hitchcock,1,3,0.3333333333333333
Hingham,1,3,0.3333333333333333
Avon Lake,1,3,0.3333333333333333
Asbury Park,1,3,0.3333333333333333
Bemidji,2,6,0.3333333333333333
Benson,1,3,0.3333333333333333
Bastrop,1,3,0.3333333333333333
Bayside,17,51,0.3333333333333333
Chapel Hill,3,9,0.3333333333333333
Chelmsford,1,3,0.3333333333333333
Brookshire,2,6,0.3333333333333333
Brisbane,3,9,0.3333333333333333
Branford,2,6,0.3333333333333333
Boerne,1,3,0.3333333333333333
Friendswood,4,12,0.3333333333333333
Fruita,1,3,0.3333333333333333
Elizabethtown,1,3,0.3333333333333333
Eagle,1,3,0.3333333333333333
East Greenwich,3,9,0.3333333333333333
Clearwater Beach,4,12,0.3333333333333333
Destin,1,3,0.3333333333333333
Delavan,5,15,0.3333333333333333
Depew,1,3,0.3333333333333333
Dresher,1,3,0.3333333333333333
Delafield,1,3,0.3333333333333333
The Villages,1,3,0.3333333333333333
Weehawken,2,6,0.3333333333333333
Wayzata,2,6,0.3333333333333333
Walla Walla,2,6,0.3333333333333333
Sterling Heights,2,6,0.3333333333333333
Suisun City,1,3,0.3333333333333333
Summerfield,1,3,0.3333333333333333
Sun City Center,1,3,0.3333333333333333
Summit,1,3,0.3333333333333333
Taylors,1,3,0.3333333333333333
Tarpon Springs,6,18,0.3333333333333333
Seabrook,5,15,0.3333333333333333
Schwenksville,1,3,0.3333333333333333
Sherwood,1,3,0.3333333333333333
Sheboygan Falls,5,15,0.3333333333333333
Sonoma,3,9,0.3333333333333333
Silverdale,1,3,0.3333333333333333
Palm Harbor,1,3,0.3333333333333333
Pawtucket,1,3,0.3333333333333333
Oregon,3,9,0.3333333333333333
Potomac,1,3,0.3333333333333333
Poughkeepsie,4,12,0.3333333333333333
Schaumburg,1,3,0.3333333333333333
Rock Springs,2,6,0.3333333333333333
Pullman,3,9,0.3333333333333333
Puyallup,2,6,0.3333333333333333
Reston,1,3,0.3333333333333333
Woburn,6,18,0.3333333333333333
Austin,118,366,0.3224043715846995
Locust Grove,6,19,0.3157894736842105
Northville,5,16,0.3125
Lake Worth,10,32,0.3125
Bloomingdale,5,16,0.3125
Moline,4,13,0.3076923076923077
West Des Moines,8,26,0.3076923076923077
Mesquite,3,10,0.3
Buckeye,6,20,0.3
Capistrano Beach,5,17,0.29411764705882354
Fairview Heights,5,17,0.29411764705882354
Anchorage,11,38,0.2894736842105263
Centreville,2,7,0.2857142857142857
Fort Myers Beach,2,7,0.2857142857142857
Federal Way,2,7,0.2857142857142857
Kingwood,2,7,0.2857142857142857
Hutchinson,2,7,0.2857142857142857
West Linn,2,7,0.2857142857142857
St Thomas,2,7,0.2857142857142857
Wildwood,2,7,0.2857142857142857
Woodinville,2,7,0.2857142857142857
South El Monte,9,32,0.28125
Mckinney,12,44,0.2727272727272727
Dallas,104,384,0.2708333333333333
Detroit,10,37,0.2702702702702703
Lahaina,7,26,0.2692307692307692
Lanoka Harbor,1,4,0.25
League City,1,4,0.25
Johnstown,1,4,0.25
Guntersville,1,4,0.25
Glencoe,1,4,0.25
Maplewood,1,4,0.25
Crestview,2,8,0.25
Commerce Township,1,4,0.25
Fishkill,1,4,0.25
Garland,7,28,0.25
Evergreen Park,1,4,0.25
Dundee,1,4,0.25
Buda,1,4,0.25
Bodega Bay,1,4,0.25
Brick,4,16,0.25
Bridgewater,4,16,0.25
Addison,1,4,0.25
Sewell,1,4,0.25
Westerly,1,4,0.25
Toms River,2,8,0.25
Scarborough,1,4,0.25
Santa Rosa Beach,1,4,0.25
Pratt,1,4,0.25
Port Washington,1,4,0.25
Peachtree City,1,4,0.25
Osseo,1,4,0.25
Panama City Beach,1,4,0.25
Paradise Valley,3,12,0.25
Little Elm,5,21,0.23809523809523808
Burleson,6,26,0.23076923076923078
Austell,2,9,0.2222222222222222
West Warwick,2,9,0.2222222222222222
Snoqualmie,1,5,0.2
Saint Simons Island,1,5,0.2
Roseburg,1,5,0.2
Woodbury,1,5,0.2
Apex,1,5,0.2
Bozeman,1,5,0.2
Chevy Chase,1,5,0.2
East Syracuse,1,5,0.2
Excelsior,1,5,0.2
Erie,1,5,0.2
Fernandina Beach,1,5,0.2
Farmingdale,2,10,0.2
Mashantucket,1,5,0.2
Niceville,1,5,0.2
New Providence,1,5,0.2
Granite Falls,1,5,0.2
Gulf Shores,1,5,0.2
Houghton,1,5,0.2
Hatfield,1,5,0.2
Kennebunkport,1,5,0.2
King Of Prussia,7,36,0.19444444444444445
Mcallen,10,53,0.18867924528301888
Fort Washington,3,16,0.1875
Del Mar,5,27,0.18518518518518517
Vero Beach,2,11,0.18181818181818182
Spring,10,56,0.17857142857142858
Swanton,1,6,0.16666666666666666
Shawnee,1,6,0.16666666666666666
Schertz,1,6,0.16666666666666666
Sea Girt,2,12,0.16666666666666666
Sandwich,1,6,0.16666666666666666
Oregon City,1,6,0.16666666666666666
Dearborn,1,6,0.16666666666666666
Chester Springs,1,6,0.16666666666666666
Bonita,5,30,0.16666666666666666
Bourbonnais,1,6,0.16666666666666666
Allen,1,6,0.16666666666666666
Lowell,1,6,0.16666666666666666
New Smyrna Beach,1,6,0.16666666666666666
Moosic,1,6,0.16666666666666666
Laurel,5,30,0.16666666666666666
Hilo,2,12,0.16666666666666666
Greenwood Lake,1,6,0.16666666666666666
Southlake,3,19,0.15789473684210525
San Juan,2,14,0.14285714285714285
Koloa,1,7,0.14285714285714285
Joshua Tree,1,7,0.14285714285714285
Matthews,1,7,0.14285714285714285
Coupeville,1,7,0.14285714285714285
Cocoa,1,8,0.125
Menifee,1,8,0.125
Palm Beach,1,8,0.125
Whitefish,1,8,0.125
Westlake,1,9,0.1111111111111111
Jamul,1,9,0.1111111111111111
Elkridge,1,9,0.1111111111111111
Harrisburg,2,19,0.10526315789473684
Morro Bay,1,10,0.1
Bradley Beach,1,10,0.1
Brookline,1,10,0.1
Ellensburg,1,11,0.09090909090909091
La Grange,1,11,0.09090909090909091
Paradise,1,11,0.09090909090909091
Allentown,1,12,0.08333333333333333
Pharr,1,13,0.07692307692307693
Playa Vista,1,13,0.07692307692307693
Tuscaloosa,1,13,0.07692307692307693
Shreveport,1,17,0.058823529411764705
Cambria,1,17,0.058823529411764705
Parsippany,1,23,0.043478260869565216
Parkville,0,2,0.0
Papillion,0,1,0.0
Palos Heights,0,1,0.0
Palm City,0,1,0.0
Palmerton,0,1,0.0
Palisades Park,0,4,0.0
Paia,0,2,0.0
Ozone Park,0,1,0.0
Oxon Hill,0,7,0.0
Oviedo,0,6,0.0
Oskaloosa,0,3,0.0
Osprey,0,2,0.0
Osterville,0,1,0.0
Orange Beach,0,1,0.0
Oakton,0,3,0.0
Okahumpka,0,3,0.0
Okeechobee,0,3,0.0
Olmsted Falls,0,1,0.0
Old Lyme,0,1,0.0
Pleasant Prairie,0,1,0.0
Poplar Grove,0,1,0.0
Pompton Lakes,0,2,0.0
Poulsbo,0,1,0.0
Perry Hall,0,8,0.0
Pendleton,0,5,0.0
Peaks Island,0,1,0.0
Pearl River,0,1,0.0
Pennington,0,1,0.0
Pickens,0,2,0.0
Pine Valley,0,1,0.0
Plainsboro,0,1,0.0
Plainville,0,3,0.0
Sandy Hook,0,2,0.0
Santa Clarita,0,1,0.0
San Tan Valley,0,1,0.0
Satellite Beach,0,5,0.0
Sanibel,0,4,0.0
Schererville,0,3,0.0
Savanna,0,3,0.0
Saugus,0,2,0.0
Sausalito,0,7,0.0
Saint Peter,0,1,0.0
Saint James City,0,1,0.0
Saint Michaels,0,1,0.0
San Anselmo,0,5,0.0
Rye,0,1,0.0
Saint Francis,0,1,0.0
Saint Clair Shores,0,1,0.0
Rowlett,0,7,0.0
Rumson,0,2,0.0
Rosemount,0,5,0.0
Rio Grande City,0,1,0.0
Roebling,0,1,0.0
Richlands,0,1,0.0
Rio Verde,0,1,0.0
River Edge,0,3,0.0
Rhinebeck,0,1,0.0
Reisterstown,0,1,0.0
Rapids City,0,1,0.0
Quakertown,0,1,0.0
Shippensburg,0,2,0.0
Shirley,0,1,0.0
Shoemakersville,0,3,0.0
Shoreham,0,2,0.0
Shelter Island,0,1,0.0
Sevierville,0,2,0.0
Seneca,0,3,0.0
Shelburne,0,4,0.0
Sharon Hill,0,1,0.0
Sayreville,0,1,0.0
Selden,0,1,0.0
Selinsgrove,0,1,0.0
South Lyon,0,1,0.0
South Padre Island,0,6,0.0
South Bound Brook,0,7,0.0
South Houston,0,2,0.0
Sicklerville,0,3,0.0
Snohomish,0,7,0.0
Somers Point,0,1,0.0
Smithfield,0,1,0.0
Sunrise Beach,0,1,0.0
Sylvania,0,5,0.0
Swartz Creek,0,1,0.0
Sumner,0,3,0.0
Taunton,0,2,0.0
Taylor Mill,0,1,0.0
Tahlequah,0,1,0.0
Templeton,0,8,0.0
Tehachapi,0,1,0.0
Spring City,0,1,0.0
South Jordan,0,1,0.0
Southport,0,5,0.0
Southwick,0,1,0.0
St. Joseph,0,1,0.0
St Louis,0,1,0.0
Sullivans Island,0,3,0.0
Sudbury,0,4,0.0
Stratford,0,1,0.0
Strongsville,0,5,0.0
Stirling,0,1,0.0
Twentynine Palms,0,2,0.0
Twin Falls,0,1,0.0
Twinsburg,0,1,0.0
Tujunga,0,2,0.0
Tonawanda,0,3,0.0
Toronto,0,1,0.0
Town Of Clarksburg,0,2,0.0
Tinley Park,0,2,0.0
Thomasville,0,1,0.0
Vestal,0,1,0.0
Vandalia,0,1,0.0
Vernal,0,4,0.0
Vernon,0,1,0.0
Vineland,0,3,0.0
Villanova,0,2,0.0
Villas,0,1,0.0
Uniontown,0,1,0.0
Westford,0,2,0.0
Wheeling,0,1,0.0
White City,0,1,0.0
West Sacramento,0,2,0.0
West Richland,0,1,0.0
West Frankfort,0,1,0.0
Weirton,0,5,0.0
Wentzville,0,1,0.0
Waller,0,1,0.0
Walker,0,1,0.0
Warminster,0,1,0.0
Wadena,0,6,0.0
Walden,0,1,0.0
Walbridge,0,1,0.0
Waikoloa,0,1,0.0
Wailuku,0,8,0.0
Washington Mills,0,1,0.0
Wayland,0,1,0.0
Williams,0,1,0.0
Williamsport,0,2,0.0
Williston Park,0,1,0.0
Willits,0,1,0.0
Willoughby,0,6,0.0
Wiggins,0,1,0.0
Weyauwega,0,1,0.0
White Salmon,0,2,0.0
Whitewater,0,2,0.0
Wood Dale,0,1,0.0
Wood River,0,1,0.0
Wisconsin Rapids,0,1,0.0
Winslow,0,2,0.0
Winston,0,1,0.0
Woodland,0,2,0.0
Woodridge,0,5,0.0
Woonsocket,0,2,0.0
Woodway,0,1,0.0
Worthington,0,6,0.0
York Beach,0,1,0.0
Youngtown,0,1,0.0
Wyandanch,0,1,0.0
Zebulon,0,4,0.0
Zieglerville,0,1,0.0
Zionsville,0,2,0.0
Calabash,0,1,0.0
Burnet,0,1,0.0
Burnham,0,1,0.0
Budd Lake,0,3,0.0
Bronxville,0,2,0.0
Brady,0,1,0.0
Bradenton Beach,0,6,0.0
Boyne Falls,0,2,0.0
Brawley,0,1,0.0
Brainerd,0,3,0.0
Bridge City,0,1,0.0
Bonner Springs,0,1,0.0
Boca Grande,0,3,0.0
Chesterton,0,1,0.0
Chestertown,0,1,0.0
Chestnut Hill,0,4,0.0
Chicago Heights,0,1,0.0
Chaves County,0,1,0.0
Chaska,0,1,0.0
Charlotte County,0,1,0.0
Charlevoix,0,1,0.0
Ceres,0,1,0.0
Center Line,0,2,0.0
Cedarhurst,0,4,0.0
Cedar Lake,0,3,0.0
Channelview,0,1,0.0
Charles Town,0,2,0.0
Chanhassen,0,3,0.0
Chadds Ford,0,1,0.0
Candia,0,1,0.0
Carnegie,0,1,0.0
Altus,0,1,0.0
Abington,0,2,0.0
Agawam,0,1,0.0
Apollo Beach,0,3,0.0
Aransas Pass,0,1,0.0
Annandale,0,2,0.0
Arnolds Park,0,1,0.0
Armonk,0,2,0.0
Avila Beach,0,1,0.0
Atchison,0,3,0.0
Beacon,0,1,0.0
Beaver,0,7,0.0
Beaver Dam,0,1,0.0
Beaufort,0,5,0.0
Beech Grove,0,1,0.0
Bartow,0,3,0.0
Barboursville,0,2,0.0
Berkeley Heights,0,2,0.0
Bernardston,0,1,0.0
Bethel Park,0,1,0.0
Biloxi,0,2,0.0
Binghamton,0,2,0.0
Billerica,0,2,0.0
Big Rapids,0,1,0.0
Big Sky,0,2,0.0
Big Spring,0,2,0.0
Blair,0,1,0.0
Blissfield,0,1,0.0
Blakeslee,0,2,0.0
Elkhart Lake,0,2,0.0
Elk River,0,1,0.0
Enumclaw,0,1,0.0
Erlanger,0,1,0.0
Estero,0,1,0.0
Euclid,0,2,0.0
Fairlawn,0,1,0.0
Fairhaven,0,3,0.0
East Petersburg,0,1,0.0
East Meadow,0,2,0.0
East Moriches,0,1,0.0
East Wenatchee,0,1,0.0
E Greenville,0,1,0.0
Eagle Point,0,1,0.0
East Liverpool,0,1,0.0
Elizabeth,0,1,0.0
Elizabethton,0,1,0.0
Edinboro,0,2,0.0
Edwardsville,0,3,0.0
Gansevoort,0,3,0.0
Gary,0,4,0.0
Fritch,0,1,0.0
Fulshear,0,5,0.0
Flanders,0,1,0.0
Fleetwood,0,3,0.0
Ford City,0,1,0.0
Floyd,0,1,0.0
Floyds Knobs,0,3,0.0
Fogelsville,0,2,0.0
Folly Beach,0,2,0.0
Fort Bragg,0,3,0.0
Coeur Daposalene,0,1,0.0
Clemmons,0,9,0.0
Cleveland County,0,1,0.0
Clute,0,1,0.0
Clarendon Hills,0,3,0.0
Clarklake,0,1,0.0
Clarence Center,0,1,0.0
Colonial Heights,0,1,0.0
Congers,0,2,0.0
Cook County,0,1,0.0
Cornwall,0,2,0.0
Cos Cob,0,1,0.0
Coshocton,0,1,0.0
Council Bluffs,0,5,0.0
Dade City,0,3,0.0
Dahlgren,0,5,0.0
Cresskill,0,2,0.0
Crossett,0,1,0.0
Croton On Hudson,0,1,0.0
Crown Point,0,2,0.0
Dekalb,0,2,0.0
Deep River,0,1,0.0
Deer Park,0,1,0.0
Daphne,0,10,0.0
Delaware,0,1,0.0
Deltona,0,5,0.0
Dennis Port,0,1,0.0
Desoto,0,1,0.0
Dexter,0,1,0.0
Dorado,0,2,0.0
Dodge City,0,1,0.0
Dillon,0,1,0.0
Drexel Hill,0,1,0.0
Dripping Springs,0,1,0.0
Dowell,0,1,0.0
Doylestown,0,7,0.0
Dracut,0,1,0.0
Duncanville,0,1,0.0
Duryea,0,2,0.0
Dupont,0,1,0.0
Lahaska,0,4,0.0
Lake Elmo,0,1,0.0
Lake Dallas,0,9,0.0
La Conner,0,1,0.0
La Crosse,0,2,0.0
Kitty Hawk,0,7,0.0
Kimberly,0,1,0.0
Laurinburg,0,1,0.0
Lava Hot Springs,0,1,0.0
Leawood,0,1,0.0
Latham,0,1,0.0
Land O Lakes,0,3,0.0
Lakeport,0,1,0.0
Lake Hopatcong,0,4,0.0
Junction City,0,2,0.0
Kahului,0,2,0.0
Johnson Creek,0,1,0.0
Jekyll Island,0,1,0.0
Jenks,0,2,0.0
Jensen Beach,0,5,0.0
Kaufman,0,2,0.0
Keokuk,0,3,0.0
Kernersville,0,2,0.0
Hutchins,0,1,0.0
Hyattsville,0,2,0.0
Idalou,0,1,0.0
Howard Beach,0,1,0.0
Hudsonville,0,1,0.0
Hueytown,0,4,0.0
Ipswich,0,1,0.0
Isle Of Palms,0,8,0.0
Harvey,0,1,0.0
Harwich Port,0,2,0.0
Hartsdale,0,1,0.0
Hampden,0,1,0.0
Hazel Park,0,1,0.0
Heath,0,1,0.0
Hellertown,0,2,0.0
Hauppauge,0,2,0.0
Hays,0,2,0.0
Hershey,0,1,0.0
High Ridge,0,1,0.0
Hiawatha,0,1,0.0
Hewitt,0,1,0.0
Hermiston,0,1,0.0
Hopatcong,0,1,0.0
Hondo,0,2,0.0
Honey Brook,0,1,0.0
Holmen,0,3,0.0
Holyoke,0,1,0.0
Holden,0,1,0.0
Griffith,0,3,0.0
Greencastle,0,3,0.0
Greendale,0,2,0.0
Gustine,0,1,0.0
Groveport,0,1,0.0
Grover,0,1,0.0
Guymon,0,2,0.0
Haltom City,0,1,0.0
Goodlettsville,0,2,0.0
Glasgow,0,1,0.0
Getzville,0,2,0.0
Gig Harbor,0,1,0.0
Glen Head,0,1,0.0
Moscow,0,5,0.0
Moss Beach,0,5,0.0
Moundsville,0,1,0.0
Morris Plains,0,1,0.0
Morrison,0,1,0.0
Murrells Inlet,0,3,0.0
Mukilteo,0,7,0.0
Muscatine,0,3,0.0
Munster,0,2,0.0
Mystic,0,3,0.0
Nanticoke,0,3,0.0
Nanuet,0,1,0.0
Moonachie,0,1,0.0
Montvale,0,3,0.0
Mohave Valley,0,5,0.0
Mokena,0,2,0.0
Montevallo,0,2,0.0
Mine Hill,0,6,0.0
Mineola,0,2,0.0
Minot,0,1,0.0
Miramar Beach,0,1,0.0
Millburn,0,2,0.0
Midway City,0,1,0.0
New Windsor,0,3,0.0
New London,0,1,0.0
Newnan,0,3,0.0
Newtown Square,0,3,0.0
Niagara Falls,0,1,0.0
Niantic,0,4,0.0
New Albany,0,2,0.0
New Bern,0,3,0.0
New Kensington,0,2,0.0
Neptune Beach,0,1,0.0
North Bergen,0,1,0.0
Nixa,0,1,0.0
North Little Rock,0,5,0.0
North Kingstown,0,1,0.0
North Reading,0,1,0.0
Oak Island,0,5,0.0
Oak Ridge,0,2,0.0
Nutley,0,1,0.0
Nyack,0,2,0.0
Novato,0,4,0.0
Norwich,0,3,0.0
Notre Dame,0,3,0.0
Melville,0,2,0.0
Melbourne Beach,0,3,0.0
Melrose,0,1,0.0
Merrick,0,1,0.0
Metuchen,0,2,0.0
Midland Park,0,3,0.0
Middlebury,0,4,0.0
Maumelle,0,3,0.0
Matteson,0,1,0.0
Massillon,0,1,0.0
Maryland Heights,0,2,0.0
Maspeth,0,3,0.0
Massapequa,0,2,0.0
Maple Shade,0,6,0.0
Marcus Hook,0,1,0.0
Manasquan,0,1,0.0
Manhasset,0,1,0.0
Ludington,0,1,0.0
Long Lake,0,1,0.0
Lyman,0,1,0.0
Macclesfield,0,1,0.0
Mabank,0,2,0.0
Mahopac,0,1,0.0
Macungie,0,1,0.0
Lima,0,1,0.0
Lincroft,0,1,0.0
Linwood,0,2,0.0
Lisbon,0,1,0.0
Lisle,0,6,0.0
Litchfield,0,1,0.0
Lititz,0,4,0.0
Lenoir,0,1,0.0
Libertyville,0,14,0.0
Leicester,0,2,0.0
Lemoore,0,1,0.0
Lemoyne,0,4,0.0
Leland,0,1,0.0
Lebanon Junction,1,0,
Lehi,1,0,
Lehigh Acres,1,0,
Lebo,1,0,
Lee,3,0,
Leeds,5,0,
Licking,6,0,
Ligonier,1,0,
Lihue,1,0,
Lenox,1,0,
Lewis Center,8,0,
Leonardtown,1,0,
Levelland,1,0,
Lithia Springs,1,0,
Lithonia,1,0,
Lindenhurst,1,0,
Lindsborg,1,0,
Limon,2,0,
Lincoln Park,2,0,
Little Falls,2,0,
Locust,1,0,
Madras,6,0,
Magee,6,0,
Magna,4,0,
Mahwah,1,0,
Maitland,1,0,
Makawao,1,0,
Malakoff,1,0,
Mableton,1,0,
Lytle,6,0,
Machias,1,0,
Lynbrook,1,0,
Long Prairie,1,0,
Longwood,1,0,
Lone Jack,5,0,
Lone Pine,1,0,
Lorton,2,0,
Ludlow,1,0,
Luzerne,1,0,
Lumberton,3,0,
Luray,1,0,
Luther,5,0,
Lowville,1,0,
Lovington,1,0,
Loudon,1,0,
Mannington,1,0,
Manorville,1,0,
Manteno,1,0,
Manitowoc,1,0,
Marengo,1,0,
Marianna,1,0,
Maple Heights,1,0,
Maple Park,1,0,
Mantua,1,0,
Markham,1,0,
Marksville,5,0,
Mason City,1,0,
Martell,1,0,
Martin,1,0,
Marrero,1,0,
Marshalltown,4,0,
Matamoras,1,0,
Max Meadows,1,0,
Mayfield,5,0,
Mayflower,6,0,
Mayodan,1,0,
Midway,1,0,
Mexico,1,0,
Meyersville,1,0,
Metamora,1,0,
Methuen,1,0,
Miami Gardens,1,0,
Miamisburg,1,0,
Mescalero,1,0,
Mercer,1,0,
Meredith,1,0,
Mentone,1,0,
Meridianville,1,0,
Medway,1,0,
Medicine Park,5,0,
Mcloud,5,0,
Mcmechen,0,0,
Mc Rae,1,0,
Mechanicsville,7,0,
Mcpherson,1,0,
Mc Calla,1,0,
Mc Donald,1,0,
Mc Farland,2,0,
Mc Gaheysville,1,0,
Mc Gehee,6,0,
Mchenry,1,0,
Mckeesport,1,0,
Oak Brook,2,0,
Oak Grove,3,0,
North Salem,2,0,
North Versailles,1,0,
North Weymouth,1,0,
North Wilkesboro,7,0,
Norton Shores,1,0,
Norwell,1,0,
North Hampton,0,0,
North Haven,1,0,
North Charleston,2,0,
North Conway,1,0,
North Platte,2,0,
North Branch,1,0,
North Attleboro,3,0,
North Augusta,2,0,
Norristown,6,0,
New City,1,0,
New Florence,1,0,
New Gloucester,1,0,
New Hampton,1,0,
New Hartford,2,0,
New Lebanon,1,0,
New Ipswich,1,0,
New Canaan,1,0,
New Boston,1,0,
New Baden,1,0,
Nephi,1,0,
Nauvoo,1,0,
Neodesha,5,0,
Navasota,1,0,
Newton Grove,1,0,
Newton Upper Falls,5,0,
New Richmond,1,0,
New Stanton,1,0,
Newbern,6,0,
Midway Park,6,0,
Millersville,1,0,
Millerton,1,0,
Millington,1,0,
Mililani,1,0,
Millbrae,2,0,
Millbrook,1,0,
Minster,1,0,
Moberly,1,0,
Molalla,1,0,
Mohegan Lake,1,0,
Monahans,5,0,
Moncks Corner,1,0,
Moneta,1,0,
Monett,1,0,
Monkton,1,0,
Montgomery Village,1,0,
Monte Vista,5,0,
Monteagle,6,0,
Mora,1,0,
Moraga,1,0,
Narberth,1,0,
Nash,6,0,
Muskego,1,0,
N Hollywood,1,0,
Murphy,1,0,
Muleshoe,5,0,
Mullica Hill,1,0,
Mulvane,6,0,
Murrysville,1,0,
Murphysboro,3,0,
Moriarty,1,0,
Morgan City,7,0,
Mount Angel,2,0,
Mount Rainier,1,0,
Mountain Top,1,0,
Moyock,6,0,
Muenster,5,0,
Glen Ellyn,2,0,
Glen Carbon,1,0,
Gila Bend,1,0,
Glenpool,1,0,
Glenwood,1,0,
Goffstown,3,0,
Gloversville,1,0,
Government Camp,1,0,
Gowanda,1,0,
Grand Canyon,1,0,
Grandview,1,0,
Grandville,3,0,
Grandy,5,0,
Grand Ledge,1,0,
Grand Marais,1,0,
Hamel,1,0,
Haddonfield,1,0,
Hainesport,6,0,
Grover Beach,1,0,
Grove,7,0,
Guilford,2,0,
Guthrie,6,0,
Hackensack,1,0,
Great Lakes,1,0,
Grayville,1,0,
Gravette,5,0,
Gravois Mills,6,0,
Gray,2,0,
Grinnell,2,0,
Groom,4,0,
Greenwood Village,1,0,
Greenfield,14,0,
Greenland,1,0,
Holly,2,0,
Holly Ridge,1,0,
Homer,5,0,
Homer Glen,1,0,
Holmes,1,0,
Holt,1,0,
Holts Summit,1,0,
Hood River,1,0,
Homosassa,3,0,
Hope Hull,1,0,
House Springs,1,0,
Hot Springs Village,6,0,
Hernando,6,0,
Herrin,1,0,
Hickory Hills,3,0,
Higginsville,7,0,
Hixson,1,0,
Hobe Sound,1,0,
Hinckley,1,0,
Highwood,6,0,
Haysville,5,0,
Hayti,1,0,
Hazel Green,1,0,
Hayden,1,0,
Hayes,1,0,
Havana,1,0,
Havelock,1,0,
Hawkinsville,1,0,
Haw River,1,0,
Hereford,1,0,
Hennessey,5,0,
Heber City,1,0,
Heber Springs,5,0,
Hearne,1,0,
Hampshire,1,0,
Hampstead,2,0,
Hanceville,1,0,
Hankamer,1,0,
Harlingen,1,0,
Harper Woods,1,0,
Harrah,5,0,
Harrington,1,0,
Harrisonville,1,0,
Hart,1,0,
Hartselle,1,0,
Hartsville,5,0,
Hartville,1,0,
Hardeeville,1,0,
Hartford City,1,0,
Haskell,6,0,
Ivoryton,0,0,
Jefferson City,8,0,
Jeffersonville,1,0,
Jeanerette,5,0,
Jarrell,1,0,
Jamestown,1,0,
Iowa Falls,1,0,
Ironton,1,0,
Isanti,2,0,
Inver Grove Heights,0,0,
Ingleside,1,0,
Hugoton,5,0,
Hull,6,0,
Howell,13,0,
Humboldt,5,0,
Huntingdon,6,0,
Hurricane Mills,1,0,
Ignacio,1,0,
Incline Village,1,0,
Indian River,1,0,
Indian Trail,1,0,
Hyrum,1,0,
Icard,1,0,
Kentland,1,0,
Kennett,3,0,
Keyser,1,0,
Kewanee,1,0,
Kettleman City,2,0,
Kayenta,1,0,
Kearney,5,0,
Keego Harbor,1,0,
Kaplan,6,0,
Kenilworth,1,0,
Kenly,2,0,
Jericho,1,0,
Joelton,1,0,
Jemison,1,0,
Jonesborough,1,0,
Julian,2,0,
Junction,1,0,
Jordan,1,0,
Kailua-kona,1,0,
Lake Isabella,2,0,
Lake Stevens,1,0,
Lake Village,1,0,
Lake Placid,1,0,
Lake Saint Louis,6,0,
Lake Leelanau,2,0,
Lake Mary,4,0,
Lake Mills,1,0,
Lamar,6,0,
Lakeview,1,0,
Lambsburg,1,0,
Langley,1,0,
Latta,1,0,
Latonia,6,0,
Le Claire,1,0,
Laurens,7,0,
Lawrence Township,1,0,
King George,1,0,
Kingsburg,1,0,
Kingsland,2,0,
Kingston Springs,6,0,
Kingsville,2,0,
Kingdom City,1,0,
Kingfisher,5,0,
Kingman,6,0,
Kodak,1,0,
La Fayette,2,0,
Kyle,1,0,
Lake Delton,1,0,
Lagrange,2,0,
Lagrangeville,1,0,
Ladys Island,6,0,
La Joya,1,0,
La Junta,1,0,
La Pine,1,0,
La Plata,1,0,
Dyersburg,6,0,
Dyersville,1,0,
Duvall,1,0,
Dumas,10,0,
Douglassville,1,0,
Dry Ridge,1,0,
Du Bois,1,0,
Du Quoin,3,0,
Discovery Bay,1,0,
Dixon,2,0,
Dolton,1,0,
Donegal,1,0,
Doswell,1,0,
Detroit Lakes,1,0,
Demopolis,5,0,
Demorest,1,0,
Dardanelle,1,0,
Darien,2,0,
Davidson,3,0,
Dawson,1,0,
Dawsonville,1,0,
Damascus,1,0,
Dandridge,1,0,
Danvers,4,0,
De Witt,1,0,
De Forest,2,0,
De Kalb,5,0,
Crystal City,1,0,
Crivitz,1,0,
Cresson,6,0,
Cranberry,1,0,
Crestwood,1,0,
Crestline,1,0,
Dahlonega,1,0,
Daingerfield,1,0,
Dadeville,1,0,
Dacono,1,0,
Dacula,6,0,
Cullman,2,0,
Cushing,5,0,
Cut Off,1,0,
Country Club Hills,6,0,
Cotulla,1,0,
Cottage Grove,2,0,
Cottondale,1,0,
Crab Orchard,1,0,
Cranston,2,0,
Craryville,1,0,
Crawfordsville,1,0,
Crawfordville,6,0,
Creedmoor,1,0,
Cornwall On Hudson,1,0,
Coolidge,6,0,
Coosa,1,0,
Conneaut,1,0,
Corbin,8,0,
Corfu,1,0,
Collingswood,3,0,
Columbiana,1,0,
Comanche,6,0,
Comfort,1,0,
Comstock Park,6,0,
Concordia,2,0,
Clarendon,5,0,
Clanton,11,0,
Chowchilla,1,0,
Cibolo,5,0,
Chino Valley,1,0,
Chincoteague Island,2,0,
Clarks Summit,3,0,
Clarinda,1,0,
Cle Elum,1,0,
Clear Lake,1,0,
Clear Spring,1,0,
Clyde,6,0,
Cloquet,1,0,
Clifton,1,0,
Clifton Park,1,0,
Cohasset,1,0,
Cold Spring Harbor,2,0,
College Park,2,0,
Cody,5,0,
Coal Creek,1,0,
Coal Township,1,0,
Coalinga,1,0,
Cobden,1,0,
Fort Edward,4,0,
Fort Meade,1,0,
Fort Madison,1,0,
Fork,1,0,
Forsyth,2,0,
Fort Atkinson,1,0,
Fort Benning,1,0,
Flower Mound,5,0,
Floresville,1,0,
Fords,2,0,
Fordyce,1,0,
Forest Lake,1,0,
Forest Hill,1,0,
Flora,1,0,
Flat Rock,1,0,
Fishersville,1,0,
Fernley,1,0,
Farmville,1,0,
Federalsburg,1,0,
Ferdinand,1,0,
Faribault,1,0,
Farmer City,1,0,
Farmersville,1,0,
Fallston,1,0,
Far Rockaway,2,0,
Ft. Washington,1,0,
Gadsden,7,0,
Gatesville,1,0,
Gautier,6,0,
Genoa,1,0,
Gap,1,0,
Garrison,1,0,
Gardner,1,0,
Frackville,1,0,
Franklin Springs,1,0,
Fort Monroe,1,0,
Fort Morgan,2,0,
Fort Payne,6,0,
Fortuna,1,0,
Fountain,7,0,
Fountain Hills,3,0,
Four Oaks,1,0,
Fort Walton Beach,5,0,
Effingham,3,0,
Edgewood,8,0,
Eaton,12,0,
Edgerton,1,0,
Ebensburg,1,0,
Ecru,5,0,
Eden,1,0,
Elizabethville,1,0,
Elburn,1,0,
Eldon,2,0,
Eldridge,1,0,
Edison,8,0,
East Lyme,1,0,
East Islip,1,0,
East Hampton,7,0,
East Aurora,1,0,
E Victoria Park,5,0,
Eastanollee,5,0,
Eastlake,1,0,
Eastland,6,0,
Eastman,7,0,
Fall River,2,0,
Fairview,7,0,
Excelsior Springs,7,0,
Ewa Beach,1,0,
Exmore,1,0,
Exton,1,0,
Fair Lawn,1,0,
Eudora,5,0,
Erwin,6,0,
Essington,1,0,
Evansdale,1,0,
Everglades City,1,0,
Epping,1,0,
Enterprise,5,0,
Englishtown,2,0,
Enid,5,0,
Endicott,1,0,
Energy,2,0,
Emmaus,1,0,
Eloy,2,0,
Elsa,1,0,
Ely,1,0,
Elkin,5,0,
Ellijay,7,0,
Elmira,1,0,
Blanco,6,0,
Blountville,2,0,
Blowing Rock,2,0,
Blue Earth,1,0,
Blairsville,1,0,
Black Mountain,1,0,
Black River Falls,2,0,
Blacksburg,3,0,
Blackstone,2,0,
Blackwell,1,0,
Big Stone Gap,1,0,
Bigfork,3,0,
Bidwell,1,0,
Big Bend,1,0,
Birch Run,1,0,
Bingen,1,0,
Berryville,1,0,
Berwick,1,0,
Bethalto,1,0,
Bethany Beach,1,0,
Benton,10,0,
Benton Harbor,1,0,
Bennettsville,1,0,
Belvedere Tiburon,1,0,
Beloit,7,0,
Bartlesville,1,0,
Barling,5,0,
Barnesville,1,0,
Barre,1,0,
Bangor,2,0,
Banning,1,0,
Baraboo,1,0,
Bartonsville,5,0,
Bay Springs,5,0,
Bayonne,2,0,
Battleboro,1,0,
Baxter,1,0,
Beech Island,1,0,
Belcamp,1,0,
Belden,7,0,
Belding,1,0,
Belen,1,0,
Bellaire,2,0,
Belleville,8,0,
Becker,1,0,
Bedminster,1,0,
Beatrice,1,0,
Athol,1,0,
Atlantic Highlands,1,0,
Ashdown,1,0,
Ashtabula,3,0,
Austinburg,1,0,
Ayden,1,0,
Aynor,1,0,
Bainbridge,10,0,
Balch Springs,1,0,
Ash Flat,6,0,
Armona,9,0,
Archbold,1,0,
Anoka,1,0,
Anthony,8,0,
Aitkin,1,0,
Aiea,3,0,
Abbeville,7,0,
Aberdeen,8,0,
Albemarle,2,0,
Albion,1,0,
Algonac,1,0,
Alachua,1,0,
Alvarado,5,0,
Alliance,1,0,
Allendale,1,0,
Alpena,1,0,
Andalusia,5,0,
Anadarko,1,0,
Angels Camp,1,0,
Angleton,1,0,
Angola,1,0,
Amesbury,1,0,
Amite,5,0,
Amityville,2,0,
Amsterdam,1,0,
Carolina Beach,1,0,
Carmel Valley,1,0,
Carlstadt,1,0,
Carver,1,0,
Casselberry,1,0,
Cassville,1,0,
Casey,2,0,
Cedar Knolls,1,0,
Cazenovia,1,0,
Cecilia,1,0,
Castroville,1,0,
Cataumet,1,0,
Catonsville,1,0,
Catskill,1,0,
Candler,6,0,
Cannon Beach,2,0,
Cambridge City,1,0,
Canaan,1,0,
Canal Winchester,6,0,
Cameron,1,0,
Camilla,1,0,
Camp Hill,1,0,
Camp Pendleton,6,0,
Camp Verde,8,0,
Carlisle,8,0,
Carencro,5,0,
Canyon Lake,2,0,
Canyon,1,0,
Cape Charles,1,0,
Cape Girardeau,1,0,
Chadron,1,0,
Channahon,2,0,
Chapman,1,0,
Cedarburg,1,0,
Cedartown,2,0,
Celina,1,0,
Centralia,3,0,
Centre,6,0,
Centerton,6,0,
Central City,1,0,
Charlton City,2,0,
Cheboygan,1,0,
Cherry Valley,3,0,
Cherryvale,1,0,
Chiefland,1,0,
Childersburg,1,0,
Chesterfield,1,0,
Chesapeake City,2,0,
Bogalusa,6,0,
Boiling Springs,7,0,
Blue Jay,1,0,
Blue Springs,1,0,
Blythe,1,0,
Blytheville,11,0,
Blythewood,1,0,
Boaz,1,0,
Bonne Terre,1,0,
Boonville,7,0,
Bosque Farms,1,0,
Bossier City,11,0,
Boyce,1,0,
Brillion,1,0,
Bristow,5,0,
Brethren,1,0,
Brigantine,1,0,
Breaux Bridge,6,0,
Breezewood,1,0,
Bremen,3,0,
Braidwood,2,0,
Brodheadsville,1,0,
Brookings,2,0,
Brookville,1,0,
Broussard,2,0,
Bucksport,1,0,
Bucyrus,1,0,
Bryn Mawr,1,0,
Buffalo Grove,1,0,
Bulverde,1,0,
Bunkie,1,0,
Bunnell,0,0,
Burnside,5,0,
Burke,1,0,
Burtonsville,1,0,
Buttonwillow,1,0,
Byron,3,0,
Byron Center,1,0,
Cabot,6,0,
Caddo Mills,1,0,
Cadiz,5,0,
Calhoun,2,0,
Califon,5,0,
Camas,1,0,
Calvert City,1,0,
Zapata,1,0,
Wynne,1,0,
Xenia,6,0,
Yale,1,0,
Wrightwood,1,0,
Wooster,2,0,
Woods Cross,1,0,
Woodland Park,8,0,
Winter Garden,1,0,
Winter Haven,2,0,
Wiscasset,1,0,
Wolfforth,6,0,
Windom,1,0,
Winnfield,6,0,
Winnie,1,0,
Windsor Mill,1,0,
Winamac,1,0,
Winchendon,1,0,
Whitley City,1,0,
Whitman,2,0,
Whitney,2,0,
Whitney Point,1,0,
Wharton,1,0,
White Marsh,1,0,
White Pigeon,1,0,
Whitehouse,1,0,
Whitehouse Station,1,0,
Whiteland,1,0,
Whitesboro,6,0,
Whitestown,1,0,
Wickenburg,1,0,
Wilkesboro,7,0,
Willard,6,0,
Waxhaw,1,0,
Watkins Glen,1,0,
Watkinsville,4,0,
Watseka,1,0,
Waunakee,1,0,
Waupun,1,0,
Waurika,5,0,
Wausau,6,0,
Wautoma,1,0,
Wataga,1,0,
Wartburg,6,0,
Warrenville,1,0,
Walcott,1,0,
Wadesboro,6,0,
Wading River,1,0,
Wadsworth,2,0,
Wagoner,6,0,
Waianae,1,0,
W Covina,1,0,
W Hazleton,1,0,
Waddy,3,0,
Warner,2,0,
Walton,1,0,
Walworth,1,0,
Wamego,1,0,
Walterboro,6,0,
Walters,6,0,
Wells,3,0,
Wenatchee,1,0,
West Chicago,1,0,
Webb City,6,0,
Waynesville,2,0,
West Bend,1,0,
West Memphis,1,0,
West Islip,1,0,
West Plains,5,0,
West Monroe,1,0,
West Nyack,1,0,
West Orange,1,0,
West Tisbury,1,0,
West Wendover,1,0,
West Yellowstone,2,0,
Westwego,1,0,
Westwood,1,0,
Union Point,1,0,
Uniondale,1,0,
Uxbridge,1,0,
Upper Marlboro,1,0,
Upper Sandusky,1,0,
Urbana,3,0,
Van Wert,1,0,
Van Horn,1,0,
Vilonia,5,0,
Vincentown,2,0,
Vieques,1,0,
Villa Rica,2,0,
Vinita,1,0,
Vivian,5,0,
Vonore,1,0,
Venus,6,0,
Vauxhall,6,0,
Vernon Rockville,1,0,
Thomson,1,0,
Thorndale,1,0,
Thornwood,1,0,
Thousand Palms,1,0,
Tiffin,1,0,
Tifton,9,0,
Tiptonville,6,0,
Tivoli,1,0,
Toccoa,2,0,
Tolleson,1,0,
Totowa,5,0,
Towanda,1,0,
Topsham,2,0,
Tonganoxie,5,0,
Tonica,1,0,
Tonkawa,6,0,
Tooele,1,0,
Tuba City,1,0,
Tuckahoe,13,0,
Troutville,1,0,
Truckee,2,0,
Trussville,1,0,
Trafalgar,1,0,
Travelers Rest,1,0,
Tremonton,1,0,
Triadelphia,1,0,
Tuttle,5,0,
Tye,1,0,
Tylertown,6,0,
Tyngsboro,2,0,
Tuscola,1,0,
Tuskegee,1,0,
Tunkhannock,1,0,
Tulia,6,0,
Tullahoma,5,0,
Stone Mountain,2,0,
Strafford,1,0,
Strasburg,3,0,
Sterlington,5,0,
Stroud,6,0,
Streetsboro,1,0,
Sugar Grove,1,0,
Sully,1,0,
St Albans,7,0,
Springvale,2,0,
Stanwood,1,0,
Starke,1,0,
Stanhope,1,0,
Sparta,10,0,
Sperryville,1,0,
Spiceland,1,0,
Spindale,2,0,
Springerville,1,0,
Tell City,6,0,
Temperance,1,0,
Thatcher,7,0,
Teton Village,5,0,
Tewksbury,1,0,
Talladega,6,0,
Tappahannock,1,0,
Tallmadge,1,0,
Tallulah,5,0,
Tecumseh,1,0,
Tarzana,4,0,
Sunnyside,1,0,
Sun Valley,1,0,
Sunbury,1,0,
Summertown,5,0,
Sultan,1,0,
Sumiton,6,0,
Sweet Home,1,0,
Sweetwater,7,0,
Sylvester,1,0,
Swarthmore,4,0,
Swansea,1,0,
Sloatsburg,1,0,
Solomons,1,0,
Solon,1,0,
Smithville,1,0,
Signal Hill,2,0,
Siler City,5,0,
South Hutchinson,1,0,
Sorrento,1,0,
South Amboy,1,0,
South Beloit,1,0,
South Sioux City,3,0,
South Weymouth,1,0,
South Yarmouth,2,0,
Southbridge,1,0,
Sellersburg,1,0,
Semmes,5,0,
Sedalia,1,0,
Scottsboro,1,0,
Scituate,1,0,
Scotch Plains,1,0,
Scotts Valley,2,0,
Seagoville,1,0,
Shelby Township,2,0,
Shelburne Falls,2,0,
Sequim,1,0,
Sergeant Bluff,2,0,
Seward,1,0,
Shalimar,1,0,
Sheldon,1,0,
Shepherd,5,0,
Shinnston,1,0,
Quartzsite,1,0,
Price,2,0,
Princeville,1,0,
Proctorville,1,0,
Prospect,5,0,
Quinlan,1,0,
Quitman,5,0,
Raceland,1,0,
Rainsville,3,0,
Raton,5,0,
Raymond,2,0,
Rantoul,1,0,
Redfield,1,0,
Red Lion,2,0,
Reeds Spring,6,0,
Redwood Falls,1,0,
Rhome,1,0,
Riceboro,1,0,
Resaca,1,0,
Ringgold,2,0,
Rio Grande,0,0,
Richfield,2,0,
Riverton,9,0,
Rock Port,1,0,
Rock Falls,1,0,
Riverhead,4,0,
River Grove,1,0,
Roanoke,16,0,
Robinsonville,6,0,
Rochdale,2,0,
Rogersville,1,0,
Rohnert Park,1,0,
Rockwood,1,0,
Rocky Point,2,0,
Rock Tavern,5,0,
Rockingham,7,0,
Roselle,1,0,
Rolling Meadows,1,0,
Rolling Prairie,2,0,
Ronceverte,1,0,
Roosevelt,1,0,
Roscoe,1,0,
Rose Hill,6,0,
Roy,3,0,
Rushville,1,0,
Russell Springs,1,0,
Rowley,2,0,
Royse City,1,0,
Ruckersville,1,0,
Ruidoso Downs,1,0,
Saint Clairsville,1,0,
Sahuarita,1,0,
Saint Albans,1,0,
Rutland,1,0,
Rustburg,1,0,
San Benito,1,0,
Salida,2,0,
Saint Marys,4,0,
Saint Michael,1,0,
Saint James,1,0,
Saukville,1,0,
Sault Sainte Marie,1,0,
Savoy,6,0,
Sayre,1,0,
Saugerties,1,0,
Sanders,1,0,
Sandersville,1,0,
Sandpoint,2,0,
Sandusky,4,0,
Sanford,3,0,
San Marino,1,0,
Piscataway,1,0,
Pinetop,1,0,
Pineville,7,0,
Pittsfield,5,0,
Pickerington,6,0,
Philipsburg,1,0,
Pikesville,2,0,
Pikeville,1,0,
Pilot Knob,1,0,
Pilot Point,1,0,
Pinckney,1,0,
Pine Bluff,1,0,
Pine Mountain,5,0,
Penns Grove,1,0,
Pennsburg,1,0,
Pennsville,1,0,
Peabody,3,0,
Pebble Beach,2,0,
Pecos,1,0,
Peculiar,1,0,
Perkins,2,0,
Perryville,1,0,
Perth Amboy,1,0,
Phelan,3,0,
Phenix City,1,0,
Peyton,6,0,
Prattville,7,0,
Potosi,1,0,
Powder Springs,1,0,
Powderly,1,0,
Powell,2,0,
Powhatan,1,0,
Poynette,1,0,
Prague,6,0,
Prairie Du Chien,0,0,
Prairieville,11,0,
Portersville,1,0,
Port Royal,1,0,
Port Jefferson,2,0,
Port Orchard,5,0,
Ponchatoula,1,0,
Pomfret Center,1,0,
Pollock Pines,4,0,
Poplarville,1,0,
Port Allen,1,0,
Port Byron,1,0,
Pleasant Valley,1,0,
Pleasant Grove,1,0,
Plaquemine,5,0,
Platte City,2,0,
Platteville,1,0,
Plattsburgh,1,0,
Plover,1,0,
Pocomoke City,1,0,
Point Marion,0,0,
Olney,1,0,
Olean,1,0,
Olga,1,0,
Okemah,5,0,
Old Forge,2,0,
Okoboji,0,0,
Okolona,6,0,
Odem,1,0,
Ocoee,1,0,
Ogunquit,1,0,
Ogallala,1,0,
Orange City,0,0,
Orangevale,2,0,
Olympic Valley,2,0,
Omro,1,0,
Oneonta,2,0,
Onley,1,0,
Ottumwa,3,0,
Ossining,1,0,
Owings Mills,0,0,
Ozark,1,0,
Painesville,1,0,
Palestine,2,0,
Palmyra,1,0,
Paoli,1,0,
Paradis,1,0,
Pataskala,1,0,
Parkersburg,1,0,
Patuxent River,1,0,
Paulding,1,0,
Pauls Valley,6,0,
